priority,pdf_page,printed_page,block_id,block_type,reasons,issues,evidence_ids,short_chunk_ids,title_path,text,page_image,review_status,corrected_text,corrected_title_path,review_note
P0,111,103,DOC004_P111_B025,code,ocr_or_structure_issue|used_by_reviewed_evidence,low_confidence,EDEV001,,第2章 车削加工编程 > 2.4 > 2.4.1 外圆柱切削循环G90,G90 X(U)Z（W)_F,E:\big\cnc-voice-rag-platform\data\parsed\DOC004\rendered\page_111.png,pending,,,
P0,112,104,DOC004_P112_B003,paragraph,short_structural_chunk|used_by_reviewed_evidence,,EDEV001,DOC004_STRUCTURAL_T512_V02_C0003,第2章 车削加工编程 > 2.4 数控车削循环指令 > 2.4.1 外圆柱切削循环G90,面切削终点相对于循环起点的增量值（相对坐标值），F为进给量。,E:\big\cnc-voice-rag-platform\data\parsed\DOC004\rendered\page_112.png,pending,,,
P0,112,104,DOC004_P112_B005,paragraph,ocr_or_structure_issue|used_by_reviewed_evidence,low_confidence,EDEV011,,第2章 车削加工编程 > 2.4 数控车削循环指令 > 2.4.1 外圆柱切削循环G90,外圆柱面切削循环指令刀具轨迹如图2-66所示。刀具0A从循环起点A开始按矩形循退刀量↑C$B环，最后回到循环起点。,E:\big\cnc-voice-rag-platform\data\parsed\DOC004\rendered\page_112.png,pending,,,
P0,112,104,DOC004_P112_B011,caption,ocr_or_structure_issue|used_by_reviewed_evidence,table_layout_requires_review,EDEV011,,第2章 车削加工编程 > 2.4 数控车削循环指令 > 2.4.1 外圆柱切削循环G90,表2-27外圆柱面切削循环刀具轨迹对应关系,E:\big\cnc-voice-rag-platform\data\parsed\DOC004\rendered\page_112.png,pending,,,
P0,112,104,DOC004_P112_B012,paragraph,ocr_or_structure_issue|used_by_reviewed_evidence,inside_table_candidate,EDEV011,,第2章 车削加工编程 > 2.4 数控车削循环指令 > 2.4.1 外圆柱切削循环G90,刀具轨迹四步循环刀位点逐段编程加工采用G指令循环加工采用G指令A→B进刀切削起点B,E:\big\cnc-voice-rag-platform\data\parsed\DOC004\rendered\page_112.png,pending,,,
P0,112,104,DOC004_P112_B013,code,ocr_or_structure_issue|used_by_reviewed_evidence,low_confidence|inside_table_candidate,EDEV011,,第2章 车削加工编程 > 2.4 数控车削循环指令 > 2.4.1 外圆柱切削循环G90,G00,E:\big\cnc-voice-rag-platform\data\parsed\DOC004\rendered\page_112.png,pending,,,
P0,112,104,DOC004_P112_B014,paragraph,ocr_or_structure_issue|used_by_reviewed_evidence,inside_table_candidate|low_confidence,EDEV011,,第2章 车削加工编程 > 2.4 数控车削循环指令 > 2.4.1 外圆柱切削循环G90,B→C切削切削终点C,E:\big\cnc-voice-rag-platform\data\parsed\DOC004\rendered\page_112.png,pending,,,
P0,112,104,DOC004_P112_B015,code,ocr_or_structure_issue|used_by_reviewed_evidence,inside_table_candidate,EDEV011,,第2章 车削加工编程 > 2.4 数控车削循环指令 > 2.4.1 外圆柱切削循环G90,G01,E:\big\cnc-voice-rag-platform\data\parsed\DOC004\rendered\page_112.png,pending,,,
P0,112,104,DOC004_P112_B016,code,ocr_or_structure_issue|used_by_reviewed_evidence,inside_table_candidate,EDEV011,,第2章 车削加工编程 > 2.4 数控车削循环指令 > 2.4.1 外圆柱切削循环G90,G90,E:\big\cnc-voice-rag-platform\data\parsed\DOC004\rendered\page_112.png,pending,,,
P0,112,104,DOC004_P112_B017,paragraph,ocr_or_structure_issue|used_by_reviewed_evidence,inside_table_candidate,EDEV011,,第2章 车削加工编程 > 2.4 数控车削循环指令 > 2.4.1 外圆柱切削循环G90,C→D退刀退刀点D,E:\big\cnc-voice-rag-platform\data\parsed\DOC004\rendered\page_112.png,pending,,,
P0,112,104,DOC004_P112_B018,code,ocr_or_structure_issue|used_by_reviewed_evidence,inside_table_candidate,EDEV011,,第2章 车削加工编程 > 2.4 数控车削循环指令 > 2.4.1 外圆柱切削循环G90,G01,E:\big\cnc-voice-rag-platform\data\parsed\DOC004\rendered\page_112.png,pending,,,
P0,112,104,DOC004_P112_B019,paragraph,ocr_or_structure_issue|used_by_reviewed_evidence,inside_table_candidate,EDEV011,,第2章 车削加工编程 > 2.4 数控车削循环指令 > 2.4.1 外圆柱切削循环G90,D→A返回循环起点A,E:\big\cnc-voice-rag-platform\data\parsed\DOC004\rendered\page_112.png,pending,,,
P0,112,104,DOC004_P112_B020,code,ocr_or_structure_issue|used_by_reviewed_evidence,low_confidence|inside_table_candidate,EDEV011,,第2章 车削加工编程 > 2.4 数控车削循环指令 > 2.4.1 外圆柱切削循环G90,G00,E:\big\cnc-voice-rag-platform\data\parsed\DOC004\rendered\page_112.png,pending,,,
P0,114,106,DOC004_P114_B008,code,ocr_or_structure_issue|used_by_reviewed_evidence,low_confidence,EDEV002,,第2章 车削加工编程 > 2.4 数控车削循环指令 > 2.4.2 外圆锥面切削循环G90,G90 X(U)_Z(W)_R_F_,E:\big\cnc-voice-rag-platform\data\parsed\DOC004\rendered\page_114.png,pending,,,
P0,114,106,DOC004_P114_B011,paragraph,ocr_or_structure_issue|used_by_reviewed_evidence,possible_ocr_confusion,EDEV002,,第2章 车削加工编程 > 2.4 数控车削循环指令 > 2.4.2 外圆锥面切削循环G90,R值为锥体大小端的半径差（非直径值），且右端面按延伸后的切削起点的值进考虑，如图2-69（a）所示。当锥面起点坐标大于终点坐标时，如图2-69（b）所示R取正值，反之如图2-69（c）所示则取负值（图中f表示进给方向）。,E:\big\cnc-voice-rag-platform\data\parsed\DOC004\rendered\page_114.png,pending,,,
P0,117,109,DOC004_P117_B008,code,ocr_or_structure_issue|used_by_reviewed_evidence,low_confidence,EDEV013,,第2章 车削加工编程 > 2.4 数控车削循环指令 > 2.4.3外圆柱（锥）螺纹切削循环G92,G92 X(U)_Z(W)_,E:\big\cnc-voice-rag-platform\data\parsed\DOC004\rendered\page_117.png,pending,,,
P0,117,109,DOC004_P117_B011,paragraph,ocr_or_structure_issue|used_by_reviewed_evidence,low_confidence,EDEV013|EDEV014,,第2章 车削加工编程 > 2.4 数控车削循环指令 > 2.4.3外圆柱（锥）螺纹切削循环G92,X、Z为螺纹切削终点坐标值，U、W为螺纹切削终点相对于循环起点的坐标值，F为螺距。R值为考虑导空刀量δ1和导出空刀量δ2后切削螺纹起点和切削螺纹终点的半径差。当加圆柱螺纹时，R为零，可省略。当螺纹切削起点坐标于螺纹切削终点坐标值时，R值取正，如图2-74（b）所示；否则取负，如图2-74（c）所示。,E:\big\cnc-voice-rag-platform\data\parsed\DOC004\rendered\page_117.png,pending,,,
P0,118,110,DOC004_P118_B003,caption,ocr_or_structure_issue|used_by_reviewed_evidence,table_layout_requires_review,EDEV015,,第2章 车削加工编程 > 2.4 数控车削循环指令 > 2.4.3 外圆柱（锥）螺纹切削循环G92,表2-32,E:\big\cnc-voice-rag-platform\data\parsed\DOC004\rendered\page_118.png,pending,,,
P0,118,110,DOC004_P118_B004,paragraph,ocr_or_structure_issue|used_by_reviewed_evidence,inside_table_candidate,EDEV015,,第2章 车削加工编程 > 2.4 数控车削循环指令 > 2.4.3 外圆柱（锥）螺纹切削循环G92,外圆柱、外圆锥螺纹切削循环刀具轨迹对应关系刀具轨迹四步循环刀位点逐段编程加工采用G指令循环加工采用G指令A→B进刀切削起点B,E:\big\cnc-voice-rag-platform\data\parsed\DOC004\rendered\page_118.png,pending,,,
P0,118,110,DOC004_P118_B005,code,ocr_or_structure_issue|used_by_reviewed_evidence,low_confidence|inside_table_candidate,EDEV015,,第2章 车削加工编程 > 2.4 数控车削循环指令 > 2.4.3 外圆柱（锥）螺纹切削循环G92,G00,E:\big\cnc-voice-rag-platform\data\parsed\DOC004\rendered\page_118.png,pending,,,
P0,118,110,DOC004_P118_B006,paragraph,ocr_or_structure_issue|used_by_reviewed_evidence,inside_table_candidate|low_confidence,EDEV015,,第2章 车削加工编程 > 2.4 数控车削循环指令 > 2.4.3 外圆柱（锥）螺纹切削循环G92,B→C切削切削终点C,E:\big\cnc-voice-rag-platform\data\parsed\DOC004\rendered\page_118.png,pending,,,
P0,118,110,DOC004_P118_B007,code,ocr_or_structure_issue|used_by_reviewed_evidence,inside_table_candidate,EDEV015,,第2章 车削加工编程 > 2.4 数控车削循环指令 > 2.4.3 外圆柱（锥）螺纹切削循环G92,G32,E:\big\cnc-voice-rag-platform\data\parsed\DOC004\rendered\page_118.png,pending,,,
P0,118,110,DOC004_P118_B008,code,ocr_or_structure_issue|used_by_reviewed_evidence,inside_table_candidate,EDEV015,,第2章 车削加工编程 > 2.4 数控车削循环指令 > 2.4.3 外圆柱（锥）螺纹切削循环G92,G92,E:\big\cnc-voice-rag-platform\data\parsed\DOC004\rendered\page_118.png,pending,,,
P0,118,110,DOC004_P118_B009,paragraph,ocr_or_structure_issue|used_by_reviewed_evidence,inside_table_candidate,EDEV015,,第2章 车削加工编程 > 2.4 数控车削循环指令 > 2.4.3 外圆柱（锥）螺纹切削循环G92,C→D退刀退刀点D,E:\big\cnc-voice-rag-platform\data\parsed\DOC004\rendered\page_118.png,pending,,,
P0,118,110,DOC004_P118_B010,code,ocr_or_structure_issue|used_by_reviewed_evidence,low_confidence|inside_table_candidate,EDEV015,,第2章 车削加工编程 > 2.4 数控车削循环指令 > 2.4.3 外圆柱（锥）螺纹切削循环G92,G0O,E:\big\cnc-voice-rag-platform\data\parsed\DOC004\rendered\page_118.png,pending,,,
P0,118,110,DOC004_P118_B011,paragraph,ocr_or_structure_issue|used_by_reviewed_evidence,inside_table_candidate,EDEV015,,第2章 车削加工编程 > 2.4 数控车削循环指令 > 2.4.3 外圆柱（锥）螺纹切削循环G92,D→A返回循环起点A,E:\big\cnc-voice-rag-platform\data\parsed\DOC004\rendered\page_118.png,pending,,,
P0,118,110,DOC004_P118_B012,code,ocr_or_structure_issue|used_by_reviewed_evidence,low_confidence|inside_table_candidate,EDEV015,,第2章 车削加工编程 > 2.4 数控车削循环指令 > 2.4.3 外圆柱（锥）螺纹切削循环G92,G0O,E:\big\cnc-voice-rag-platform\data\parsed\DOC004\rendered\page_118.png,pending,,,
P0,120,112,DOC004_P120_B009,paragraph,ocr_or_structure_issue|used_by_reviewed_evidence,low_confidence|possible_ocr_confusion,EDEV016,,第2章 车削加工编程 > 2.4 数控车削循环指令 > 2.4.4 外圆车削复合循环G71,GOO x_Z_,E:\big\cnc-voice-rag-platform\data\parsed\DOC004\rendered\page_120.png,pending,,,
P0,120,112,DOC004_P120_B011,code,ocr_or_structure_issue|used_by_reviewed_evidence,low_confidence,EDEV016,,第2章 车削加工编程 > 2.4 数控车削循环指令 > 2.4.4 外圆车削复合循环G71,G71 P_Q_U_W_F,E:\big\cnc-voice-rag-platform\data\parsed\DOC004\rendered\page_120.png,pending,,,
P0,121,113,DOC004_P121_B004,code,ocr_or_structure_issue|used_by_reviewed_evidence,low_confidence,EDEV003,,第2章 车削加工编程 > 2.4 数控车削循环指令 > 2.4.4 外圆车削复合循环G71,G70 P_Q_,E:\big\cnc-voice-rag-platform\data\parsed\DOC004\rendered\page_121.png,pending,,,
P0,121,113,DOC004_P121_B013,paragraph,ocr_or_structure_issue|used_by_reviewed_evidence,low_confidence,EDEV017,,第2章 车削加工编程 > 2.4 数控车削循环指令 > 2.4.4 外圆车削复合循环G71,（精车循环参数设置）提示：,E:\big\cnc-voice-rag-platform\data\parsed\DOC004\rendered\page_121.png,pending,,,
P0,123,115,DOC004_P123_B024,paragraph,ocr_or_structure_issue|used_by_reviewed_evidence,low_confidence|possible_ocr_confusion,EDEV019,,第2章 车削加工编程 > 2.4 数控车削循环指令 > 2.4.5 仿形车削复合循环G73,GOO X_Z_,E:\big\cnc-voice-rag-platform\data\parsed\DOC004\rendered\page_123.png,pending,,,
P0,123,115,DOC004_P123_B026,code,ocr_or_structure_issue|used_by_reviewed_evidence,low_confidence,EDEV019,,第2章 车削加工编程 > 2.4 数控车削循环指令 > 2.4.5 仿形车削复合循环G73,G73 P_Q_U_W_F,E:\big\cnc-voice-rag-platform\data\parsed\DOC004\rendered\page_123.png,pending,,,
P0,126,118,DOC004_P126_B006,code,ocr_or_structure_issue|used_by_reviewed_evidence,low_confidence,EDEV005A,,第2章 车削加工编程 > 2.4 数控车削循环指令 > 2.4.6 螺纹切削复合循环G76,G76P(m)(r)(α)Q(Δdmin)R(d),E:\big\cnc-voice-rag-platform\data\parsed\DOC004\rendered\page_126.png,pending,,,
P0,126,118,DOC004_P126_B007,code,ocr_or_structure_issue|used_by_reviewed_evidence,low_confidence,EDEV005A,,第2章 车削加工编程 > 2.4 数控车削循环指令 > 2.4.6 螺纹切削复合循环G76,G76X ZR(i)P(k)Q(Δd)F(L),E:\big\cnc-voice-rag-platform\data\parsed\DOC004\rendered\page_126.png,pending,,,
P0,146,138,DOC004_P146_B022,paragraph,ocr_or_structure_issue|used_by_reviewed_evidence,possible_ocr_confusion,EDEV009,,第3章 铣削加工编程 > 3.2 刀具半径补偿,使用G41/G42进刀，当刀具接近工件轮廓时，数控装置认为是从刀具中坐标转变为刀具外圆与轮廓相切点的坐标值，而使用G40刀具退出时则相反。如图3-4所示，实线表示编程轨迹，点划线表示刀具中心轨迹，刀具与工件发生干涉。为防止刀具与工件发生干涉，如图3-5所示，一般应在切工件之前建刀具半径补偿，在切出工件之后取消刀具半径补偿，并选择正确的进刀和退刀路线。,E:\big\cnc-voice-rag-platform\data\parsed\DOC004\rendered\page_146.png,pending,,,
P0,148,140,DOC004_P148_B005,paragraph,ocr_or_structure_issue|used_by_reviewed_evidence,low_confidence,EDEV027,,第3章 铣削加工编程 > 3.2 刀具半径补偿,R粗加工精加工R+△,E:\big\cnc-voice-rag-platform\data\parsed\DOC004\rendered\page_148.png,pending,,,
P0,149,141,DOC004_P149_B015,subheading,short_structural_chunk|used_by_reviewed_evidence,,EDEV010,DOC004_STRUCTURAL_T512_V02_C0047,第3章 铣削加工编程 > 3.3 数控铣削精加工 > 3.3.1 直线插补精铣平外轮廓,（1）快速点定位（G00）,E:\big\cnc-voice-rag-platform\data\parsed\DOC004\rendered\page_149.png,pending,,,
P0,149,141,DOC004_P149_B016,paragraph,short_structural_chunk|used_by_reviewed_evidence,,EDEV010,DOC004_STRUCTURAL_T512_V02_C0047,第3章 铣削加工编程 > 3.3 数控铣削精加工 > 3.3.1 直线插补精铣平外轮廓,该指令的意义为刀具以快速移动速度由开始点快速移动到终点位置（图3-11）。,E:\big\cnc-voice-rag-platform\data\parsed\DOC004\rendered\page_149.png,pending,,,
P0,150,142,DOC004_P150_B004,paragraph,ocr_or_structure_issue|used_by_reviewed_evidence,low_confidence|possible_ocr_confusion,EDEV010|EDEV028,,第3章 铣削加工编程 > 3.3 数控铣削精加工 > 3.3.1 直线插补精铣平面外轮廓,GOO X_Y_Z各地址含义：X、Y、Z为刀具轨迹终点坐标值。,E:\big\cnc-voice-rag-platform\data\parsed\DOC004\rendered\page_150.png,pending,,,
P0,150,142,DOC004_P150_B008,paragraph,ocr_or_structure_issue|used_by_reviewed_evidence,low_confidence,EDEV010|EDEV029,,第3章 铣削加工编程 > 3.3 数控铣削精加工 > 3.3.1 直线插补精铣平面外轮廓,GO1 X_Y_Z_E,E:\big\cnc-voice-rag-platform\data\parsed\DOC004\rendered\page_150.png,pending,,,
P0,153,145,DOC004_P153_B017,paragraph,ocr_or_structure_issue|used_by_reviewed_evidence,low_confidence,EDEV030,,第3章 铣削加工编程 > 3.3 数控铣削精加工 > 3.3.2,（I_J_K_)F_,E:\big\cnc-voice-rag-platform\data\parsed\DOC004\rendered\page_153.png,pending,,,
P1,111,103,DOC004_P111_B001,header_footer,ocr_or_structure_issue,possible_ocr_confusion|header_chapter_number_missing,,,第2章 车削加工编程 > 2.3 数控车削粗、精加工 > 2.3.3 粗、精车外圆柱（锥）螺纹,第章车削加工编程103,E:\big\cnc-voice-rag-platform\data\parsed\DOC004\rendered\page_111.png,pending,,,
P1,111,103,DOC004_P111_B023,subheading,used_by_reviewed_evidence,,EDEV001,,第2章 车削加工编程 > 2.4 > 2.4.1 外圆柱切削循环G90,（1）外圆柱面切削循环（G90),E:\big\cnc-voice-rag-platform\data\parsed\DOC004\rendered\page_111.png,pending,,,
P1,111,103,DOC004_P111_B024,label,used_by_reviewed_evidence,,EDEV001,,第2章 车削加工编程 > 2.4 > 2.4.1 外圆柱切削循环G90,指令格式：,E:\big\cnc-voice-rag-platform\data\parsed\DOC004\rendered\page_111.png,pending,,,
P1,111,103,DOC004_P111_B026,paragraph,used_by_reviewed_evidence,,EDEV001,,第2章 车削加工编程 > 2.4 > 2.4.1 外圆柱切削循环G90,各地址含义：X、Z为圆柱面切削终点坐标值，U、W为圆柱,E:\big\cnc-voice-rag-platform\data\parsed\DOC004\rendered\page_111.png,pending,,,
P1,112,104,DOC004_P112_B004,subheading,used_by_reviewed_evidence,,EDEV011,,第2章 车削加工编程 > 2.4 数控车削循环指令 > 2.4.1 外圆柱切削循环G90,（2）外圆柱切削循环刀具轨迹,E:\big\cnc-voice-rag-platform\data\parsed\DOC004\rendered\page_112.png,pending,,,
P1,112,104,DOC004_P112_B006,paragraph,used_by_reviewed_evidence,,EDEV012,,第2章 车削加工编程 > 2.4 数控车削循环指令 > 2.4.1 外圆柱切削循环G90,安全距离提示：,E:\big\cnc-voice-rag-platform\data\parsed\DOC004\rendered\page_112.png,pending,,,
P1,112,104,DOC004_P112_B007,paragraph,used_by_reviewed_evidence,,EDEV012,,第2章 车削加工编程 > 2.4 数控车削循环指令 > 2.4.1 外圆柱切削循环G90,①注意循环起点A位置的选取（常取距工件右端面安全距离2mm，距外圆面退刀,E:\big\cnc-voice-rag-platform\data\parsed\DOC004\rendered\page_112.png,pending,,,
P1,112,104,DOC004_P112_B009,paragraph,used_by_reviewed_evidence,,EDEV012,,第2章 车削加工编程 > 2.4 数控车削循环指令 > 2.4.1 外圆柱切削循环G90,距离5mm)。,E:\big\cnc-voice-rag-platform\data\parsed\DOC004\rendered\page_112.png,pending,,,
P1,112,104,DOC004_P112_B010,paragraph,used_by_reviewed_evidence,,EDEV011,,第2章 车削加工编程 > 2.4 数控车削循环指令 > 2.4.1 外圆柱切削循环G90,②如图2-66所示，G90循环加工程序段等效于A→B→C→D→A逐段编程加工。循环加工CD段退刀时，用G01指令，以加工左台阶端面。各刀具轨迹对应关系如表2-27所示。,E:\big\cnc-voice-rag-platform\data\parsed\DOC004\rendered\page_112.png,pending,,,
P1,112,104,DOC004_P112_B021,paragraph,ocr_or_structure_issue,inside_table_candidate,,,第2章 车削加工编程 > 2.4 数控车削循环指令 > 2.4.1 外圆柱切削循环G90,【例2-27】精加如图2-67所零件外圆柱。,E:\big\cnc-voice-rag-platform\data\parsed\DOC004\rendered\page_112.png,pending,,,
P1,112,104,DOC004_P112_B022,paragraph,ocr_or_structure_issue,inside_table_candidate,,,第2章 车削加工编程 > 2.4 数控车削循环指令 > 2.4.1 外圆柱切削循环G90,52284,E:\big\cnc-voice-rag-platform\data\parsed\DOC004\rendered\page_112.png,pending,,,
P1,113,105,DOC004_P113_B001,header_footer,ocr_or_structure_issue,possible_ocr_confusion|header_chapter_number_missing,,,第2章 车削加工编程 > 2.4 数控车削循环指令 > 2.4.1 外圆柱切削循环G90,第章车削加工编程 105,E:\big\cnc-voice-rag-platform\data\parsed\DOC004\rendered\page_113.png,pending,,,
P1,113,105,DOC004_P113_B003,caption,ocr_or_structure_issue,table_layout_requires_review,,,第2章 车削加工编程 > 2.4 数控车削循环指令 > 2.4.1 外圆柱切削循环G90,表2-28加工程序,E:\big\cnc-voice-rag-platform\data\parsed\DOC004\rendered\page_113.png,pending,,,
P1,113,105,DOC004_P113_B004,paragraph,ocr_or_structure_issue,inside_table_candidate,,,第2章 车削加工编程 > 2.4 数控车削循环指令 > 2.4.1 外圆柱切削循环G90,绝对坐标值XZ编程相对坐标值UW编程刀位点及用途,E:\big\cnc-voice-rag-platform\data\parsed\DOC004\rendered\page_113.png,pending,,,
P1,113,105,DOC004_P113_B005,code,ocr_or_structure_issue,inside_table_candidate,,,第2章 车削加工编程 > 2.4 数控车削循环指令 > 2.4.1 外圆柱切削循环G90,G00X50.0Z2.0,E:\big\cnc-voice-rag-platform\data\parsed\DOC004\rendered\page_113.png,pending,,,
P1,113,105,DOC004_P113_B006,code,ocr_or_structure_issue,inside_table_candidate,,,第2章 车削加工编程 > 2.4 数控车削循环指令 > 2.4.1 外圆柱切削循环G90,G00U-32.0W-26.0,E:\big\cnc-voice-rag-platform\data\parsed\DOC004\rendered\page_113.png,pending,,,
P1,113,105,DOC004_P113_B007,paragraph,ocr_or_structure_issue,inside_table_candidate,,,第2章 车削加工编程 > 2.4 数控车削循环指令 > 2.4.1 外圆柱切削循环G90,A：进刀至循环起点,E:\big\cnc-voice-rag-platform\data\parsed\DOC004\rendered\page_113.png,pending,,,
P1,113,105,DOC004_P113_B008,code,ocr_or_structure_issue,inside_table_candidate,,,第2章 车削加工编程 > 2.4 数控车削循环指令 > 2.4.1 外圆柱切削循环G90,G90X40.0Z-52.0F0.15,E:\big\cnc-voice-rag-platform\data\parsed\DOC004\rendered\page_113.png,pending,,,
P1,113,105,DOC004_P113_B009,code,ocr_or_structure_issue,inside_table_candidate,,,第2章 车削加工编程 > 2.4 数控车削循环指令 > 2.4.1 外圆柱切削循环G90,G90U-10.0W-54.0F0.15,E:\big\cnc-voice-rag-platform\data\parsed\DOC004\rendered\page_113.png,pending,,,
P1,113,105,DOC004_P113_B010,paragraph,ocr_or_structure_issue,inside_table_candidate,,,第2章 车削加工编程 > 2.4 数控车削循环指令 > 2.4.1 外圆柱切削循环G90,A：循环加工回循环起点,E:\big\cnc-voice-rag-platform\data\parsed\DOC004\rendered\page_113.png,pending,,,
P1,113,105,DOC004_P113_B011,code,ocr_or_structure_issue,inside_table_candidate,,,第2章 车削加工编程 > 2.4 数控车削循环指令 > 2.4.1 外圆柱切削循环G90,G00X82.0Z28.0,E:\big\cnc-voice-rag-platform\data\parsed\DOC004\rendered\page_113.png,pending,,,
P1,113,105,DOC004_P113_B012,code,ocr_or_structure_issue,inside_table_candidate,,,第2章 车削加工编程 > 2.4 数控车削循环指令 > 2.4.1 外圆柱切削循环G90,G00U42.0W80.0,E:\big\cnc-voice-rag-platform\data\parsed\DOC004\rendered\page_113.png,pending,,,
P1,113,105,DOC004_P113_B013,paragraph,ocr_or_structure_issue,inside_table_candidate|low_confidence,,,第2章 车削加工编程 > 2.4 数控车削循环指令 > 2.4.1 外圆柱切削循环G90,O：返回0点【例2-28】粗精加工如图2-67所示零件外圆柱面，已知毛坯直径为45mm。,E:\big\cnc-voice-rag-platform\data\parsed\DOC004\rendered\page_113.png,pending,,,
P1,113,105,DOC004_P113_B014,paragraph,ocr_or_structure_issue,inside_table_candidate,,,第2章 车削加工编程 > 2.4 数控车削循环指令 > 2.4.1 外圆柱切削循环G90,解：总加工余量、背吃刀量及主要加工尺寸如表2-29所示。,E:\big\cnc-voice-rag-platform\data\parsed\DOC004\rendered\page_113.png,pending,,,
P1,113,105,DOC004_P113_B015,caption,ocr_or_structure_issue,table_layout_requires_review,,,第2章 车削加工编程 > 2.4 数控车削循环指令 > 2.4.1 外圆柱切削循环G90,表2-29总加工余量、背吃刀量及主要加工尺寸,E:\big\cnc-voice-rag-platform\data\parsed\DOC004\rendered\page_113.png,pending,,,
P1,113,105,DOC004_P113_B016,paragraph,ocr_or_structure_issue,inside_table_candidate|low_confidence,,,第2章 车削加工编程 > 2.4 数控车削循环指令 > 2.4.1 外圆柱切削循环G90,mm总加工余量45-40=5精加工（第3层）半精加工（第2层）粗加工（第1层）背吃刀量ap122主要加工尺寸（切削终4041（40+1)43（41+2）点C点的X坐标值）编制加工程序如表2-30所示。,E:\big\cnc-voice-rag-platform\data\parsed\DOC004\rendered\page_113.png,pending,,,
P1,113,105,DOC004_P113_B017,caption,ocr_or_structure_issue,table_layout_requires_review,,,第2章 车削加工编程 > 2.4 数控车削循环指令 > 2.4.1 外圆柱切削循环G90,表2-30加工程序,E:\big\cnc-voice-rag-platform\data\parsed\DOC004\rendered\page_113.png,pending,,,
P1,113,105,DOC004_P113_B018,paragraph,ocr_or_structure_issue,inside_table_candidate,,,第2章 车削加工编程 > 2.4 数控车削循环指令 > 2.4.1 外圆柱切削循环G90,绝对坐标值XZ编程刀位点及用途,E:\big\cnc-voice-rag-platform\data\parsed\DOC004\rendered\page_113.png,pending,,,
P1,113,105,DOC004_P113_B019,code,ocr_or_structure_issue,low_confidence|inside_table_candidate,,,第2章 车削加工编程 > 2.4 数控车削循环指令 > 2.4.1 外圆柱切削循环G90,G00,E:\big\cnc-voice-rag-platform\data\parsed\DOC004\rendered\page_113.png,pending,,,
P1,113,105,DOC004_P113_B020,code,ocr_or_structure_issue,inside_table_candidate,,,第2章 车削加工编程 > 2.4 数控车削循环指令 > 2.4.1 外圆柱切削循环G90,X55.0,E:\big\cnc-voice-rag-platform\data\parsed\DOC004\rendered\page_113.png,pending,,,
P1,113,105,DOC004_P113_B021,code,ocr_or_structure_issue,inside_table_candidate,,,第2章 车削加工编程 > 2.4 数控车削循环指令 > 2.4.1 外圆柱切削循环G90,Z2.0,E:\big\cnc-voice-rag-platform\data\parsed\DOC004\rendered\page_113.png,pending,,,
P1,113,105,DOC004_P113_B022,paragraph,ocr_or_structure_issue,inside_table_candidate,,,第2章 车削加工编程 > 2.4 数控车削循环指令 > 2.4.1 外圆柱切削循环G90,A：进刀至循环起点,E:\big\cnc-voice-rag-platform\data\parsed\DOC004\rendered\page_113.png,pending,,,
P1,113,105,DOC004_P113_B023,code,ocr_or_structure_issue,inside_table_candidate,,,第2章 车削加工编程 > 2.4 数控车削循环指令 > 2.4.1 外圆柱切削循环G90,G90,E:\big\cnc-voice-rag-platform\data\parsed\DOC004\rendered\page_113.png,pending,,,
P1,113,105,DOC004_P113_B024,code,ocr_or_structure_issue,inside_table_candidate,,,第2章 车削加工编程 > 2.4 数控车削循环指令 > 2.4.1 外圆柱切削循环G90,X43.0,E:\big\cnc-voice-rag-platform\data\parsed\DOC004\rendered\page_113.png,pending,,,
P1,113,105,DOC004_P113_B025,code,ocr_or_structure_issue,inside_table_candidate,,,第2章 车削加工编程 > 2.4 数控车削循环指令 > 2.4.1 外圆柱切削循环G90,Z-52.0,E:\big\cnc-voice-rag-platform\data\parsed\DOC004\rendered\page_113.png,pending,,,
P1,113,105,DOC004_P113_B026,code,ocr_or_structure_issue,inside_table_candidate,,,第2章 车削加工编程 > 2.4 数控车削循环指令 > 2.4.1 外圆柱切削循环G90,F0.3,E:\big\cnc-voice-rag-platform\data\parsed\DOC004\rendered\page_113.png,pending,,,
P1,113,105,DOC004_P113_B027,paragraph,ocr_or_structure_issue,inside_table_candidate,,,第2章 车削加工编程 > 2.4 数控车削循环指令 > 2.4.1 外圆柱切削循环G90,A：循环加工第1层回循环起点（粗加工）,E:\big\cnc-voice-rag-platform\data\parsed\DOC004\rendered\page_113.png,pending,,,
P1,113,105,DOC004_P113_B028,code,ocr_or_structure_issue,inside_table_candidate,,,第2章 车削加工编程 > 2.4 数控车削循环指令 > 2.4.1 外圆柱切削循环G90,X41.0,E:\big\cnc-voice-rag-platform\data\parsed\DOC004\rendered\page_113.png,pending,,,
P1,113,105,DOC004_P113_B029,paragraph,ocr_or_structure_issue,inside_table_candidate,,,第2章 车削加工编程 > 2.4 数控车削循环指令 > 2.4.1 外圆柱切削循环G90,A：循环加工第2层回循环起点（半精加工）,E:\big\cnc-voice-rag-platform\data\parsed\DOC004\rendered\page_113.png,pending,,,
P1,113,105,DOC004_P113_B030,code,ocr_or_structure_issue,inside_table_candidate,,,第2章 车削加工编程 > 2.4 数控车削循环指令 > 2.4.1 外圆柱切削循环G90,X40.0,E:\big\cnc-voice-rag-platform\data\parsed\DOC004\rendered\page_113.png,pending,,,
P1,113,105,DOC004_P113_B031,code,ocr_or_structure_issue,inside_table_candidate,,,第2章 车削加工编程 > 2.4 数控车削循环指令 > 2.4.1 外圆柱切削循环G90,F0.15,E:\big\cnc-voice-rag-platform\data\parsed\DOC004\rendered\page_113.png,pending,,,
P1,113,105,DOC004_P113_B032,paragraph,ocr_or_structure_issue,inside_table_candidate,,,第2章 车削加工编程 > 2.4 数控车削循环指令 > 2.4.1 外圆柱切削循环G90,A：循环加工第3层回循环起点（精加工）,E:\big\cnc-voice-rag-platform\data\parsed\DOC004\rendered\page_113.png,pending,,,
P1,113,105,DOC004_P113_B033,code,ocr_or_structure_issue,low_confidence|inside_table_candidate,,,第2章 车削加工编程 > 2.4 数控车削循环指令 > 2.4.1 外圆柱切削循环G90,G00,E:\big\cnc-voice-rag-platform\data\parsed\DOC004\rendered\page_113.png,pending,,,
P1,113,105,DOC004_P113_B034,code,ocr_or_structure_issue,inside_table_candidate,,,第2章 车削加工编程 > 2.4 数控车削循环指令 > 2.4.1 外圆柱切削循环G90,X82.0Z28.0,E:\big\cnc-voice-rag-platform\data\parsed\DOC004\rendered\page_113.png,pending,,,
P1,113,105,DOC004_P113_B035,paragraph,ocr_or_structure_issue,inside_table_candidate,,,第2章 车削加工编程 > 2.4 数控车削循环指令 > 2.4.1 外圆柱切削循环G90,O：返回0点,E:\big\cnc-voice-rag-platform\data\parsed\DOC004\rendered\page_113.png,pending,,,
P1,114,106,DOC004_P114_B003,paragraph,short_structural_chunk|ocr_or_structure_issue,low_confidence,,DOC004_STRUCTURAL_T512_V02_C0007,第2章 车削加工编程 > 2.4 数控车削循环指令 > 2.4.2 外圆锥面切削循环G90,5632080,E:\big\cnc-voice-rag-platform\data\parsed\DOC004\rendered\page_114.png,pending,,,
P1,114,106,DOC004_P114_B004,caption,short_structural_chunk,,,DOC004_STRUCTURAL_T512_V02_C0007,第2章 车削加工编程 > 2.4 数控车削循环指令 > 2.4.2 外圆锥面切削循环G90,图2-68 零件加工参数图,E:\big\cnc-voice-rag-platform\data\parsed\DOC004\rendered\page_114.png,pending,,,
P1,114,106,DOC004_P114_B005,heading,short_structural_chunk,,,DOC004_STRUCTURAL_T512_V02_C0007,第2章 车削加工编程 > 2.4 数控车削循环指令 > 2.4.2 外圆锥面切削循环G90,2.4.2 外圆锥面切削循环G90,E:\big\cnc-voice-rag-platform\data\parsed\DOC004\rendered\page_114.png,pending,,,
P1,114,106,DOC004_P114_B006,subheading,used_by_reviewed_evidence,,EDEV002,,第2章 车削加工编程 > 2.4 数控车削循环指令 > 2.4.2 外圆锥面切削循环G90,（1）外圆锥面切削循环（G90),E:\big\cnc-voice-rag-platform\data\parsed\DOC004\rendered\page_114.png,pending,,,
P1,114,106,DOC004_P114_B007,label,used_by_reviewed_evidence,,EDEV002,,第2章 车削加工编程 > 2.4 数控车削循环指令 > 2.4.2 外圆锥面切削循环G90,指令格式：,E:\big\cnc-voice-rag-platform\data\parsed\DOC004\rendered\page_114.png,pending,,,
P1,114,106,DOC004_P114_B009,label,used_by_reviewed_evidence,,EDEV002,,第2章 车削加工编程 > 2.4 数控车削循环指令 > 2.4.2 外圆锥面切削循环G90,各地址含义：,E:\big\cnc-voice-rag-platform\data\parsed\DOC004\rendered\page_114.png,pending,,,
P1,114,106,DOC004_P114_B010,paragraph,used_by_reviewed_evidence,,EDEV002,,第2章 车削加工编程 > 2.4 数控车削循环指令 > 2.4.2 外圆锥面切削循环G90,X、Z为圆锥面切削终点坐标值，U、W为圆锥面切削终点相对于循环起点的相对坐标值，F为进给量。,E:\big\cnc-voice-rag-platform\data\parsed\DOC004\rendered\page_114.png,pending,,,
P1,114,106,DOC004_P114_B012,paragraph,ocr_or_structure_issue,low_confidence,,,第2章 车削加工编程 > 2.4 数控车削循环指令 > 2.4.2 外圆锥面切削循环G90,1R(a)(b)(c),E:\big\cnc-voice-rag-platform\data\parsed\DOC004\rendered\page_114.png,pending,,,
P1,115,107,DOC004_P115_B001,header_footer,ocr_or_structure_issue,possible_ocr_confusion|header_chapter_number_missing,,,第2章 车削加工编程 > 2.4 数控车削循环指令 > 2.4.2 外圆锥面切削循环G90,第章车削加工编程107,E:\big\cnc-voice-rag-platform\data\parsed\DOC004\rendered\page_115.png,pending,,,
P1,115,107,DOC004_P115_B004,caption,ocr_or_structure_issue,table_layout_requires_review,,,第2章 车削加工编程 > 2.4 数控车削循环指令 > 2.4.2 外圆锥面切削循环G90,表2-31外圆锥面切削循环刀具轨迹对应关系,E:\big\cnc-voice-rag-platform\data\parsed\DOC004\rendered\page_115.png,pending,,,
P1,115,107,DOC004_P115_B005,paragraph,ocr_or_structure_issue,inside_table_candidate,,,第2章 车削加工编程 > 2.4 数控车削循环指令 > 2.4.2 外圆锥面切削循环G90,刀具轨迹四步循环刀位点逐段编程加工采用G指令循环加工采用G指令A→B进刀切削起点B,E:\big\cnc-voice-rag-platform\data\parsed\DOC004\rendered\page_115.png,pending,,,
P1,115,107,DOC004_P115_B006,code,ocr_or_structure_issue,low_confidence|inside_table_candidate,,,第2章 车削加工编程 > 2.4 数控车削循环指令 > 2.4.2 外圆锥面切削循环G90,G00,E:\big\cnc-voice-rag-platform\data\parsed\DOC004\rendered\page_115.png,pending,,,
P1,115,107,DOC004_P115_B007,paragraph,ocr_or_structure_issue,inside_table_candidate|low_confidence,,,第2章 车削加工编程 > 2.4 数控车削循环指令 > 2.4.2 外圆锥面切削循环G90,B→C切削切削终点C,E:\big\cnc-voice-rag-platform\data\parsed\DOC004\rendered\page_115.png,pending,,,
P1,115,107,DOC004_P115_B008,code,ocr_or_structure_issue,inside_table_candidate,,,第2章 车削加工编程 > 2.4 数控车削循环指令 > 2.4.2 外圆锥面切削循环G90,G01,E:\big\cnc-voice-rag-platform\data\parsed\DOC004\rendered\page_115.png,pending,,,
P1,115,107,DOC004_P115_B009,code,ocr_or_structure_issue,inside_table_candidate,,,第2章 车削加工编程 > 2.4 数控车削循环指令 > 2.4.2 外圆锥面切削循环G90,G90,E:\big\cnc-voice-rag-platform\data\parsed\DOC004\rendered\page_115.png,pending,,,
P1,115,107,DOC004_P115_B010,paragraph,ocr_or_structure_issue,inside_table_candidate,,,第2章 车削加工编程 > 2.4 数控车削循环指令 > 2.4.2 外圆锥面切削循环G90,C→D退刀退刀点D,E:\big\cnc-voice-rag-platform\data\parsed\DOC004\rendered\page_115.png,pending,,,
P1,115,107,DOC004_P115_B011,code,ocr_or_structure_issue,inside_table_candidate,,,第2章 车削加工编程 > 2.4 数控车削循环指令 > 2.4.2 外圆锥面切削循环G90,G01,E:\big\cnc-voice-rag-platform\data\parsed\DOC004\rendered\page_115.png,pending,,,
P1,115,107,DOC004_P115_B012,paragraph,ocr_or_structure_issue,inside_table_candidate|low_confidence|possible_ocr_confusion,,,第2章 车削加工编程 > 2.4 数控车削循环指令 > 2.4.2 外圆锥面切削循环G90,D→A返回循环起点AGOO提示：,E:\big\cnc-voice-rag-platform\data\parsed\DOC004\rendered\page_115.png,pending,,,
P1,115,107,DOC004_P115_B013,paragraph,ocr_or_structure_issue,inside_table_candidate,,,第2章 车削加工编程 > 2.4 数控车削循环指令 > 2.4.2 外圆锥面切削循环G90,①循环起点A取值应比圆锥大径值大，可取距工件右端面2mm的安全距离，距外圆锥大径5mm的退刀距离。,E:\big\cnc-voice-rag-platform\data\parsed\DOC004\rendered\page_115.png,pending,,,
P1,115,107,DOC004_P115_B014,paragraph,ocr_or_structure_issue,inside_table_candidate,,,第2章 车削加工编程 > 2.4 数控车削循环指令 > 2.4.2 外圆锥面切削循环G90,②外圆锥面切削循环中切削起点（B点）和切削终点（C点）坐标值与圆锥大径（D）、圆锥小径（d）和锥度（C）三个参数的关系如图2-71所示。注意外圆锥面切削循环指令中R值及其正负符号，当安全距离取2mm时，则有：,E:\big\cnc-voice-rag-platform\data\parsed\DOC004\rendered\page_115.png,pending,,,
P1,115,107,DOC004_P115_B015,paragraph,ocr_or_structure_issue,low_confidence,,,第2章 车削加工编程 > 2.4 数控车削循环指令 > 2.4.2 外圆锥面切削循环G90,Xb =d-2CXb—Xc_d-DR=22该计算式子结果包括R值的符号。切削起点和终点与圆锥参数关系见图2-71。,E:\big\cnc-voice-rag-platform\data\parsed\DOC004\rendered\page_115.png,pending,,,
P1,115,107,DOC004_P115_B016,paragraph,ocr_or_structure_issue,low_confidence,,,第2章 车削加工编程 > 2.4 数控车削循环指令 > 2.4.2 外圆锥面切削循环G90,日DA(循环起点)CC(切削终点）CBB-→G00(a)x（→G01安全距离,E:\big\cnc-voice-rag-platform\data\parsed\DOC004\rendered\page_115.png,pending,,,
P1,116,108,DOC004_P116_B006,paragraph,ocr_or_structure_issue,low_confidence,,,第2章 车削加工编程 > 2.4 数控车削循环指令 > 2.4.2 外圆锥面切削循环G90,D-d_50-42锥度C1，假定循环起点A(60，2），则L4050Xb −Xc_d−D42-50R=C1=—4.2。,E:\big\cnc-voice-rag-platform\data\parsed\DOC004\rendered\page_116.png,pending,,,
P1,116,108,DOC004_P116_B007,paragraph,ocr_or_structure_issue,low_confidence,,,第2章 车削加工编程 > 2.4 数控车削循环指令 > 2.4.2 外圆锥面切削循环G90,2225400sφ,E:\big\cnc-voice-rag-platform\data\parsed\DOC004\rendered\page_116.png,pending,,,
P1,117,109,DOC004_P117_B001,header_footer,ocr_or_structure_issue,possible_ocr_confusion|header_chapter_number_missing,,,第2章 车削加工编程 > 2.4 数控车削循环指令 > 2.4.3 外圆柱（锥）螺纹切削循环G92,第章车削加工编程| 109,E:\big\cnc-voice-rag-platform\data\parsed\DOC004\rendered\page_117.png,pending,,,
P1,117,109,DOC004_P117_B003,paragraph,short_structural_chunk|ocr_or_structure_issue,low_confidence,,DOC004_STRUCTURAL_T512_V02_C0012,第2章 车削加工编程 > 2.4 数控车削循环指令 > 2.4.3 外圆柱（锥）螺纹切削循环G92,351:5153020φ$00244084,E:\big\cnc-voice-rag-platform\data\parsed\DOC004\rendered\page_117.png,pending,,,
P1,117,109,DOC004_P117_B004,caption,short_structural_chunk,,,DOC004_STRUCTURAL_T512_V02_C0012,第2章 车削加工编程 > 2.4 数控车削循环指令 > 2.4.3 外圆柱（锥）螺纹切削循环G92,图2-73 零件加工参数图,E:\big\cnc-voice-rag-platform\data\parsed\DOC004\rendered\page_117.png,pending,,,
P1,117,109,DOC004_P117_B005,heading,short_structural_chunk,,,DOC004_STRUCTURAL_T512_V02_C0012,第2章 车削加工编程 > 2.4 数控车削循环指令 > 2.4.3外圆柱（锥）螺纹切削循环G92,2.4.3外圆柱（锥）螺纹切削循环G92,E:\big\cnc-voice-rag-platform\data\parsed\DOC004\rendered\page_117.png,pending,,,
P1,117,109,DOC004_P117_B006,subheading,used_by_reviewed_evidence,,EDEV013,,第2章 车削加工编程 > 2.4 数控车削循环指令 > 2.4.3外圆柱（锥）螺纹切削循环G92,（1）外螺纹切削循环（G92）,E:\big\cnc-voice-rag-platform\data\parsed\DOC004\rendered\page_117.png,pending,,,
P1,117,109,DOC004_P117_B007,label,used_by_reviewed_evidence,,EDEV013,,第2章 车削加工编程 > 2.4 数控车削循环指令 > 2.4.3外圆柱（锥）螺纹切削循环G92,指令格式：,E:\big\cnc-voice-rag-platform\data\parsed\DOC004\rendered\page_117.png,pending,,,
P1,117,109,DOC004_P117_B009,paragraph,used_by_reviewed_evidence,,EDEV013,,第2章 车削加工编程 > 2.4 数控车削循环指令 > 2.4.3外圆柱（锥）螺纹切削循环G92,RF,E:\big\cnc-voice-rag-platform\data\parsed\DOC004\rendered\page_117.png,pending,,,
P1,117,109,DOC004_P117_B010,label,used_by_reviewed_evidence,,EDEV013,,第2章 车削加工编程 > 2.4 数控车削循环指令 > 2.4.3外圆柱（锥）螺纹切削循环G92,各地址含义：,E:\big\cnc-voice-rag-platform\data\parsed\DOC004\rendered\page_117.png,pending,,,
P1,117,109,DOC004_P117_B013,caption,used_by_reviewed_evidence,,EDEV014,,第2章 车削加工编程 > 2.4 数控车削循环指令 > 2.4.3外圆柱（锥）螺纹切削循环G92,图2-74R取值示意图,E:\big\cnc-voice-rag-platform\data\parsed\DOC004\rendered\page_117.png,pending,,,
P1,117,109,DOC004_P117_B014,subheading,used_by_reviewed_evidence,,EDEV015,,第2章 车削加工编程 > 2.4 数控车削循环指令 > 2.4.3外圆柱（锥）螺纹切削循环G92,（2）外螺纹切削循环刀具轨迹,E:\big\cnc-voice-rag-platform\data\parsed\DOC004\rendered\page_117.png,pending,,,
P1,117,109,DOC004_P117_B015,paragraph,used_by_reviewed_evidence,,EDEV015,,第2章 车削加工编程 > 2.4 数控车削循环指令 > 2.4.3外圆柱（锥）螺纹切削循环G92,加工外圆柱螺纹（外圆锥螺纹）时，刀具由循环起点开始按矩形（直梯形）循环，最后返回循环起点。外螺纹切削循环指令刀轨如图2-75所。刀具轨迹对应关系如表2-32所示。,E:\big\cnc-voice-rag-platform\data\parsed\DOC004\rendered\page_117.png,pending,,,
P1,118,110,DOC004_P118_B013,paragraph,ocr_or_structure_issue,inside_table_candidate,,,第2章 车削加工编程 > 2.4 数控车削循环指令 > 2.4.3 外圆柱（锥）螺纹切削循环G92,【例2-31】加工如图2-76所示外圆柱螺纹，端面已加工，外圆柱面已加工至所需尺寸。,E:\big\cnc-voice-rag-platform\data\parsed\DOC004\rendered\page_118.png,pending,,,
P1,118,110,DOC004_P118_B014,paragraph,ocr_or_structure_issue,inside_table_candidate,,,第2章 车削加工编程 > 2.4 数控车削循环指令 > 2.4.3 外圆柱（锥）螺纹切削循环G92,40DA(循环起点),E:\big\cnc-voice-rag-platform\data\parsed\DOC004\rendered\page_118.png,pending,,,
P1,118,110,DOC004_P118_B015,code,ocr_or_structure_issue,low_confidence,,,第2章 车削加工编程 > 2.4 数控车削循环指令 > 2.4.3 外圆柱（锥）螺纹切削循环G92,Z0EW,E:\big\cnc-voice-rag-platform\data\parsed\DOC004\rendered\page_118.png,pending,,,
P1,118,110,DOC004_P118_B021,caption,ocr_or_structure_issue,table_layout_requires_review,,,第2章 车削加工编程 > 2.4 数控车削循环指令 > 2.4.3 外圆柱（锥）螺纹切削循环G92,表2-33总加工余量、各层背吃刀量及主要加工尺寸,E:\big\cnc-voice-rag-platform\data\parsed\DOC004\rendered\page_118.png,pending,,,
P1,118,110,DOC004_P118_B022,paragraph,ocr_or_structure_issue,inside_table_candidate,,,第2章 车削加工编程 > 2.4 数控车削循环指令 > 2.4.3 外圆柱（锥）螺纹切削循环G92,mm总加工余量2×0.54P=2.16精加工（第3层）半精加工（第2层）粗加工（第1层）背吃刀量ap,E:\big\cnc-voice-rag-platform\data\parsed\DOC004\rendered\page_118.png,pending,,,
P1,118,110,DOC004_P118_B023,heading,suspicious_chapter_path,,,,第0章 > 0.26,0.26,E:\big\cnc-voice-rag-platform\data\parsed\DOC004\rendered\page_118.png,pending,,,
P1,118,110,DOC004_P118_B024,heading,suspicious_chapter_path,,,,第0章 > 0.8,0.8,E:\big\cnc-voice-rag-platform\data\parsed\DOC004\rendered\page_118.png,pending,,,
P1,118,110,DOC004_P118_B025,heading,suspicious_chapter_path|short_structural_chunk,,,DOC004_STRUCTURAL_T512_V02_C0017,第1章 > 1.1,1.1,E:\big\cnc-voice-rag-platform\data\parsed\DOC004\rendered\page_118.png,pending,,,
P1,118,110,DOC004_P118_B026,paragraph,suspicious_chapter_path|short_structural_chunk,,,DOC004_STRUCTURAL_T512_V02_C0017,第1章 > 1.1,主要加工尺寸d,E:\big\cnc-voice-rag-platform\data\parsed\DOC004\rendered\page_118.png,pending,,,
P1,118,110,DOC004_P118_B027,heading,suspicious_chapter_path|short_structural_chunk,,,DOC004_STRUCTURAL_T512_V02_C0017,第27章 > 27.84,27.84,E:\big\cnc-voice-rag-platform\data\parsed\DOC004\rendered\page_118.png,pending,,,
P1,118,110,DOC004_P118_B028,heading,suspicious_chapter_path|short_structural_chunk,,,DOC004_STRUCTURAL_T512_V02_C0017,第28章 > 28.1（27.84+0.26),28.1（27.84+0.26),E:\big\cnc-voice-rag-platform\data\parsed\DOC004\rendered\page_118.png,pending,,,
P1,118,110,DOC004_P118_B029,heading,suspicious_chapter_path|short_structural_chunk,,,DOC004_STRUCTURAL_T512_V02_C0018,第28章 > 28.9(28.1+0.8),28.9(28.1+0.8),E:\big\cnc-voice-rag-platform\data\parsed\DOC004\rendered\page_118.png,pending,,,
P1,118,110,DOC004_P118_B030,paragraph,suspicious_chapter_path|short_structural_chunk|ocr_or_structure_issue,low_confidence|possible_ocr_confusion,,DOC004_STRUCTURAL_T512_V02_C0018,第28章 > 28.9(28.1+0.8),编制加工程序如下GOO,E:\big\cnc-voice-rag-platform\data\parsed\DOC004\rendered\page_118.png,pending,,,
P1,118,110,DOC004_P118_B031,code,suspicious_chapter_path|short_structural_chunk,,,DOC004_STRUCTURAL_T512_V02_C0018,第28章 > 28.9(28.1+0.8),X40.0Z3.0,E:\big\cnc-voice-rag-platform\data\parsed\DOC004\rendered\page_118.png,pending,,,
P1,118,110,DOC004_P118_B032,code,suspicious_chapter_path|short_structural_chunk,,,DOC004_STRUCTURAL_T512_V02_C0018,第28章 > 28.9(28.1+0.8),G92,E:\big\cnc-voice-rag-platform\data\parsed\DOC004\rendered\page_118.png,pending,,,
P1,118,110,DOC004_P118_B033,code,suspicious_chapter_path|short_structural_chunk,,,DOC004_STRUCTURAL_T512_V02_C0018,第28章 > 28.9(28.1+0.8),X28.9,E:\big\cnc-voice-rag-platform\data\parsed\DOC004\rendered\page_118.png,pending,,,
P1,118,110,DOC004_P118_B034,code,suspicious_chapter_path|short_structural_chunk,,,DOC004_STRUCTURAL_T512_V02_C0018,第28章 > 28.9(28.1+0.8),Z-42.0F2,E:\big\cnc-voice-rag-platform\data\parsed\DOC004\rendered\page_118.png,pending,,,
P1,118,110,DOC004_P118_B035,paragraph,suspicious_chapter_path|short_structural_chunk,,,DOC004_STRUCTURAL_T512_V02_C0018,第28章 > 28.9(28.1+0.8),（粗加工）,E:\big\cnc-voice-rag-platform\data\parsed\DOC004\rendered\page_118.png,pending,,,
P1,118,110,DOC004_P118_B036,code,suspicious_chapter_path|short_structural_chunk,,,DOC004_STRUCTURAL_T512_V02_C0018,第28章 > 28.9(28.1+0.8),X28.1,E:\big\cnc-voice-rag-platform\data\parsed\DOC004\rendered\page_118.png,pending,,,
P1,118,110,DOC004_P118_B037,paragraph,suspicious_chapter_path|short_structural_chunk,,,DOC004_STRUCTURAL_T512_V02_C0018,第28章 > 28.9(28.1+0.8),（半精加工）,E:\big\cnc-voice-rag-platform\data\parsed\DOC004\rendered\page_118.png,pending,,,
P1,118,110,DOC004_P118_B038,code,suspicious_chapter_path|short_structural_chunk,,,DOC004_STRUCTURAL_T512_V02_C0018,第28章 > 28.9(28.1+0.8),X27.84,E:\big\cnc-voice-rag-platform\data\parsed\DOC004\rendered\page_118.png,pending,,,
P1,118,110,DOC004_P118_B039,paragraph,suspicious_chapter_path|short_structural_chunk|ocr_or_structure_issue,low_confidence|possible_ocr_confusion,,DOC004_STRUCTURAL_T512_V02_C0018,第28章 > 28.9(28.1+0.8),（精加工）GOO,E:\big\cnc-voice-rag-platform\data\parsed\DOC004\rendered\page_118.png,pending,,,
P1,118,110,DOC004_P118_B040,code,suspicious_chapter_path|short_structural_chunk,,,DOC004_STRUCTURAL_T512_V02_C0018,第28章 > 28.9(28.1+0.8),X100.0Z50.0,E:\big\cnc-voice-rag-platform\data\parsed\DOC004\rendered\page_118.png,pending,,,
P1,119,111,DOC004_P119_B001,header_footer,ocr_or_structure_issue,possible_ocr_confusion|header_chapter_number_missing,,,第2章 车削加工编程 > 2.4 数控车削循环指令 > 2.4.3 外圆柱（锥）螺纹切削循环G92,第章车削加工编程111,E:\big\cnc-voice-rag-platform\data\parsed\DOC004\rendered\page_119.png,pending,,,
P1,119,111,DOC004_P119_B003,paragraph,ocr_or_structure_issue,low_confidence,,,第2章 车削加工编程 > 2.4 数控车削循环指令 > 2.4.3 外圆柱（锥）螺纹切削循环G92,"4解：相关参数值计算或选择为D=50mm，d=45mm，L=50mm，C=1/10,P=3mm，δ1=4mm，δ2=2mm，Xb=d-δ1C-2×0.54P=45-4×1/10-2×0.54×3=41.36（mm）,X=D+δ₂C-2×0.54P=50+2×1/10-2×0.54×3=46.96（mm），R=(Xb-Xc)/2=-2.8(mm)。",E:\big\cnc-voice-rag-platform\data\parsed\DOC004\rendered\page_119.png,pending,,,
P1,119,111,DOC004_P119_B008,paragraph,ocr_or_structure_issue,low_confidence,,,第2章 车削加工编程 > 2.4 数控车削循环指令 > 2.4.3 外圆柱（锥）螺纹切削循环G92,5,E:\big\cnc-voice-rag-platform\data\parsed\DOC004\rendered\page_119.png,pending,,,
P1,119,111,DOC004_P119_B012,caption,ocr_or_structure_issue,table_layout_requires_review,,,第2章 车削加工编程 > 2.4 数控车削循环指令 > 2.4.3 外圆柱（锥）螺纹切削循环G92,表2-34粗、精加工总加工余量、各层背吃刀量及主要加工尺寸,E:\big\cnc-voice-rag-platform\data\parsed\DOC004\rendered\page_119.png,pending,,,
P1,119,111,DOC004_P119_B013,paragraph,ocr_or_structure_issue,inside_table_candidate,,,第2章 车削加工编程 > 2.4 数控车削循环指令 > 2.4.3 外圆柱（锥）螺纹切削循环G92,mm总加工余量2×0.54P=3.24精加工（第3层）半精加（第2层）粗加工（第1层）背吃刀量ap,E:\big\cnc-voice-rag-platform\data\parsed\DOC004\rendered\page_119.png,pending,,,
P1,119,111,DOC004_P119_B014,heading,suspicious_chapter_path|short_structural_chunk,,,DOC004_STRUCTURAL_T512_V02_C0020,第0章 > 0.24,0.24,E:\big\cnc-voice-rag-platform\data\parsed\DOC004\rendered\page_119.png,pending,,,
P1,119,111,DOC004_P119_B015,paragraph,suspicious_chapter_path|short_structural_chunk|ocr_or_structure_issue,low_confidence,,DOC004_STRUCTURAL_T512_V02_C0020,第0章 > 0.24,12Xb主要加,E:\big\cnc-voice-rag-platform\data\parsed\DOC004\rendered\page_119.png,pending,,,
P1,119,111,DOC004_P119_B016,heading,suspicious_chapter_path|short_structural_chunk,,,DOC004_STRUCTURAL_T512_V02_C0020,第41章 > 41.36,41.36,E:\big\cnc-voice-rag-platform\data\parsed\DOC004\rendered\page_119.png,pending,,,
P1,119,111,DOC004_P119_B017,heading,suspicious_chapter_path|short_structural_chunk,,,DOC004_STRUCTURAL_T512_V02_C0020,第41章 > 41.6（41.36+0.24),41.6（41.36+0.24),E:\big\cnc-voice-rag-platform\data\parsed\DOC004\rendered\page_119.png,pending,,,
P1,119,111,DOC004_P119_B018,heading,suspicious_chapter_path|short_structural_chunk,,,DOC004_STRUCTURAL_T512_V02_C0021,第42章 > 42.6（41.6+1),42.6（41.6+1),E:\big\cnc-voice-rag-platform\data\parsed\DOC004\rendered\page_119.png,pending,,,
P1,119,111,DOC004_P119_B019,paragraph,suspicious_chapter_path|short_structural_chunk|ocr_or_structure_issue,low_confidence,,DOC004_STRUCTURAL_T512_V02_C0021,第42章 > 42.6（41.6+1),工尺寸Xc,E:\big\cnc-voice-rag-platform\data\parsed\DOC004\rendered\page_119.png,pending,,,
P1,119,111,DOC004_P119_B020,heading,suspicious_chapter_path|short_structural_chunk,,,DOC004_STRUCTURAL_T512_V02_C0021,第46章 > 46.96,46.96,E:\big\cnc-voice-rag-platform\data\parsed\DOC004\rendered\page_119.png,pending,,,
P1,119,111,DOC004_P119_B021,heading,suspicious_chapter_path|short_structural_chunk,,,DOC004_STRUCTURAL_T512_V02_C0021,第47章 > 47.2（46.96+0.24）,47.2（46.96+0.24）,E:\big\cnc-voice-rag-platform\data\parsed\DOC004\rendered\page_119.png,pending,,,
P1,119,111,DOC004_P119_B022,heading,suspicious_chapter_path,,,,第48章 > 48.2(47.2+1),48.2(47.2+1),E:\big\cnc-voice-rag-platform\data\parsed\DOC004\rendered\page_119.png,pending,,,
P1,119,111,DOC004_P119_B023,paragraph,suspicious_chapter_path,,,,第48章 > 48.2(47.2+1),粗、精加工编程如下。,E:\big\cnc-voice-rag-platform\data\parsed\DOC004\rendered\page_119.png,pending,,,
P1,119,111,DOC004_P119_B024,code,suspicious_chapter_path,,,,第48章 > 48.2(47.2+1),GO0 X60.0Z4.0,E:\big\cnc-voice-rag-platform\data\parsed\DOC004\rendered\page_119.png,pending,,,
P1,119,111,DOC004_P119_B025,code,suspicious_chapter_path,,,,第48章 > 48.2(47.2+1),G92,E:\big\cnc-voice-rag-platform\data\parsed\DOC004\rendered\page_119.png,pending,,,
P1,119,111,DOC004_P119_B026,code,suspicious_chapter_path,,,,第48章 > 48.2(47.2+1),X48.2Z-52.0R-2.8 F3,E:\big\cnc-voice-rag-platform\data\parsed\DOC004\rendered\page_119.png,pending,,,
P1,119,111,DOC004_P119_B027,paragraph,suspicious_chapter_path,,,,第48章 > 48.2(47.2+1),（粗加工）,E:\big\cnc-voice-rag-platform\data\parsed\DOC004\rendered\page_119.png,pending,,,
P1,119,111,DOC004_P119_B028,code,suspicious_chapter_path,,,,第48章 > 48.2(47.2+1),X47.2,E:\big\cnc-voice-rag-platform\data\parsed\DOC004\rendered\page_119.png,pending,,,
P1,119,111,DOC004_P119_B029,paragraph,suspicious_chapter_path,,,,第48章 > 48.2(47.2+1),（半精加工）,E:\big\cnc-voice-rag-platform\data\parsed\DOC004\rendered\page_119.png,pending,,,
P1,119,111,DOC004_P119_B030,code,suspicious_chapter_path,,,,第48章 > 48.2(47.2+1),X46.96,E:\big\cnc-voice-rag-platform\data\parsed\DOC004\rendered\page_119.png,pending,,,
P1,119,111,DOC004_P119_B031,paragraph,suspicious_chapter_path,,,,第48章 > 48.2(47.2+1),（精加工）,E:\big\cnc-voice-rag-platform\data\parsed\DOC004\rendered\page_119.png,pending,,,
P1,119,111,DOC004_P119_B032,code,suspicious_chapter_path,,,,第48章 > 48.2(47.2+1),G00X100.0 Z50.0,E:\big\cnc-voice-rag-platform\data\parsed\DOC004\rendered\page_119.png,pending,,,
P1,119,111,DOC004_P119_B033,exercise_heading,suspicious_chapter_path,,,,第48章 > 48.2(47.2+1),练一练,E:\big\cnc-voice-rag-platform\data\parsed\DOC004\rendered\page_119.png,pending,,,
P1,119,111,DOC004_P119_B034,paragraph,suspicious_chapter_path,,,,第48章 > 48.2(47.2+1),加工如图2-76所示外圆柱螺纹，已知毛坯直径为38mm，试编写该加工程序。,E:\big\cnc-voice-rag-platform\data\parsed\DOC004\rendered\page_119.png,pending,,,
P1,120,112,DOC004_P120_B003,paragraph,short_structural_chunk,,,DOC004_STRUCTURAL_T512_V02_C0023,第2章 车削加工编程 > 2.4 数控车削循环指令 > 2.4.4 外圆车削复合循环G71,提示：由于提供的是毛坯，应先加工外圆柱面至直径为36mm[或按实际取值36一0.1X3=35.7（mm）]，然后再进行螺纹加工。,E:\big\cnc-voice-rag-platform\data\parsed\DOC004\rendered\page_120.png,pending,,,
P1,120,112,DOC004_P120_B005,paragraph,used_by_reviewed_evidence,,EDEV003,,第2章 车削加工编程 > 2.4 数控车削循环指令 > 2.4.4 外圆车削复合循环G71,外圆车削复合循环指令适合于采用坯为圆棒料，粗车需多次刀才能完成的阶梯轴零件（零件直径单调递变）。利用该循环功能，只要编写出最终加工路线，给出每次的背吃刀量等加工参数，数控车床即可自动重复切削，直到加工完为止。,E:\big\cnc-voice-rag-platform\data\parsed\DOC004\rendered\page_120.png,pending,,,
P1,120,112,DOC004_P120_B006,subheading,used_by_reviewed_evidence,,EDEV003,,第2章 车削加工编程 > 2.4 数控车削循环指令 > 2.4.4 外圆车削复合循环G71,（1）粗车复合循环（G71）,E:\big\cnc-voice-rag-platform\data\parsed\DOC004\rendered\page_120.png,pending,,,
P1,120,112,DOC004_P120_B007,paragraph,used_by_reviewed_evidence,,EDEV003,,第2章 车削加工编程 > 2.4 数控车削循环指令 > 2.4.4 外圆车削复合循环G71,适用于外圆面坯料粗车外径和圆筒坯料粗镗内径。G71粗加工时，首先以背吃刀量对Z轴平行的部分进行直线加工，然后刀具执外轮廓加工指令完成外轮廓粗加工（留精加工余量）。,E:\big\cnc-voice-rag-platform\data\parsed\DOC004\rendered\page_120.png,pending,,,
P1,120,112,DOC004_P120_B008,label,used_by_reviewed_evidence,,EDEV016,,第2章 车削加工编程 > 2.4 数控车削循环指令 > 2.4.4 外圆车削复合循环G71,指令格式：,E:\big\cnc-voice-rag-platform\data\parsed\DOC004\rendered\page_120.png,pending,,,
P1,120,112,DOC004_P120_B010,code,used_by_reviewed_evidence,,EDEV016,,第2章 车削加工编程 > 2.4 数控车削循环指令 > 2.4.4 外圆车削复合循环G71,G71 U_R_,E:\big\cnc-voice-rag-platform\data\parsed\DOC004\rendered\page_120.png,pending,,,
P1,120,112,DOC004_P120_B012,label,used_by_reviewed_evidence,,EDEV016,,第2章 车削加工编程 > 2.4 数控车削循环指令 > 2.4.4 外圆车削复合循环G71,各地址含义：,E:\big\cnc-voice-rag-platform\data\parsed\DOC004\rendered\page_120.png,pending,,,
P1,120,112,DOC004_P120_B013,paragraph,used_by_reviewed_evidence,,EDEV016,,第2章 车削加工编程 > 2.4 数控车削循环指令 > 2.4.4 外圆车削复合循环G71,①第X、Z为粗车循环起点位置坐标（X坐标位置离坯外圆面退刀距离5mm，Z坐标位置离坯右端面安全距离2mm)。,E:\big\cnc-voice-rag-platform\data\parsed\DOC004\rendered\page_120.png,pending,,,
P1,120,112,DOC004_P120_B014,paragraph,used_by_reviewed_evidence,,EDEV016,,第2章 车削加工编程 > 2.4 数控车削循环指令 > 2.4.4 外圆车削复合循环G71,②第二U值为循环切削中径向的背吃刀量，半径值，单位为mm。,E:\big\cnc-voice-rag-platform\data\parsed\DOC004\rendered\page_120.png,pending,,,
P1,120,112,DOC004_P120_B015,paragraph,used_by_reviewed_evidence,,EDEV016,,第2章 车削加工编程 > 2.4 数控车削循环指令 > 2.4.4 外圆车削复合循环G71,R值为循环切削中径向的退刀量，半径值，单位为mm。,E:\big\cnc-voice-rag-platform\data\parsed\DOC004\rendered\page_120.png,pending,,,
P1,120,112,DOC004_P120_B016,paragraph,used_by_reviewed_evidence,,EDEV016,,第2章 车削加工编程 > 2.4 数控车削循环指令 > 2.4.4 外圆车削复合循环G71,③第三P值为轮廓循环开始程序段段号。,E:\big\cnc-voice-rag-platform\data\parsed\DOC004\rendered\page_120.png,pending,,,
P1,120,112,DOC004_P120_B017,paragraph,used_by_reviewed_evidence,,EDEV016,,第2章 车削加工编程 > 2.4 数控车削循环指令 > 2.4.4 外圆车削复合循环G71,Q值为结束程序段的段号。,E:\big\cnc-voice-rag-platform\data\parsed\DOC004\rendered\page_120.png,pending,,,
P1,120,112,DOC004_P120_B018,paragraph,used_by_reviewed_evidence,,EDEV016,,第2章 车削加工编程 > 2.4 数控车削循环指令 > 2.4.4 外圆车削复合循环G71,U值为X方向的精加工余量，直径值，单位为mm（镗孔时为负值）。,E:\big\cnc-voice-rag-platform\data\parsed\DOC004\rendered\page_120.png,pending,,,
P1,120,112,DOC004_P120_B019,paragraph,used_by_reviewed_evidence,,EDEV016,,第2章 车削加工编程 > 2.4 数控车削循环指令 > 2.4.4 外圆车削复合循环G71,W值为Z方向的精加工余量，单位为mm。,E:\big\cnc-voice-rag-platform\data\parsed\DOC004\rendered\page_120.png,pending,,,
P1,120,112,DOC004_P120_B020,paragraph,used_by_reviewed_evidence,,EDEV016,,第2章 车削加工编程 > 2.4 数控车削循环指令 > 2.4.4 外圆车削复合循环G71,F值为切削进给量，单位为mm/r。,E:\big\cnc-voice-rag-platform\data\parsed\DOC004\rendered\page_120.png,pending,,,
P1,120,112,DOC004_P120_B021,subheading,used_by_reviewed_evidence,,EDEV003,,第2章 车削加工编程 > 2.4 数控车削循环指令 > 2.4.4 外圆车削复合循环G71,（2）精车复合循环（G70）,E:\big\cnc-voice-rag-platform\data\parsed\DOC004\rendered\page_120.png,pending,,,
P1,120,112,DOC004_P120_B022,paragraph,used_by_reviewed_evidence,,EDEV003,,第2章 车削加工编程 > 2.4 数控车削循环指令 > 2.4.4 外圆车削复合循环G71,用G71粗加工后，用G70来指定精车循环切除粗加工中留下的余量。,E:\big\cnc-voice-rag-platform\data\parsed\DOC004\rendered\page_120.png,pending,,,
P1,121,113,DOC004_P121_B002,label,used_by_reviewed_evidence,,EDEV003,,第2章 车削加工编程 > 2.4 数控车削循环指令 > 2.4.4 外圆车削复合循环G71,指令格式：,E:\big\cnc-voice-rag-platform\data\parsed\DOC004\rendered\page_121.png,pending,,,
P1,121,113,DOC004_P121_B003,paragraph,ocr_or_structure_issue,low_confidence|possible_ocr_confusion,,,第2章 车削加工编程 > 2.4 数控车削循环指令 > 2.4.4 外圆车削复合循环G71,GOOX_Z_,E:\big\cnc-voice-rag-platform\data\parsed\DOC004\rendered\page_121.png,pending,,,
P1,121,113,DOC004_P121_B007,paragraph,ocr_or_structure_issue,low_confidence|possible_ocr_confusion,,,第2章 车削加工编程 > 2.4 数控车削循环指令 > 2.4.4 外圆车削复合循环G71,GOOX_Z_（进刀至循环起点）,E:\big\cnc-voice-rag-platform\data\parsed\DOC004\rendered\page_121.png,pending,,,
P1,121,113,DOC004_P121_B010,code,ocr_or_structure_issue,low_confidence,,,第2章 车削加工编程 > 2.4 数控车削循环指令 > 2.4.4 外圆车削复合循环G71,G71 P_Q_U_W_F,E:\big\cnc-voice-rag-platform\data\parsed\DOC004\rendered\page_121.png,pending,,,
P1,121,113,DOC004_P121_B011,paragraph,ocr_or_structure_issue,low_confidence|possible_ocr_confusion,,,第2章 车削加工编程 > 2.4 数控车削循环指令 > 2.4.4 外圆车削复合循环G71,（粗车循环参数设置）（精加工部分程序段，即由循环起点进刀至精加工切削起点，再加工至精加工切削终点部分程序。该部分程序被粗、精加工循环引用）GOOX_Z_（进刀至循环起点，本程序段可以省略，因为G71粗加工循环后刀具自动返回循环起点）,E:\big\cnc-voice-rag-platform\data\parsed\DOC004\rendered\page_121.png,pending,,,
P1,121,113,DOC004_P121_B012,code,ocr_or_structure_issue,low_confidence,,,第2章 车削加工编程 > 2.4 数控车削循环指令 > 2.4.4 外圆车削复合循环G71,G70 P_Q_,E:\big\cnc-voice-rag-platform\data\parsed\DOC004\rendered\page_121.png,pending,,,
P1,121,113,DOC004_P121_B014,paragraph,used_by_reviewed_evidence,,EDEV017,,第2章 车削加工编程 > 2.4 数控车削循环指令 > 2.4.4 外圆车削复合循环G71,①使用G70精车循环时，要注意其快速退刀路线，防止刀具与工件碰撞。如图2-78所示从A点开始执G70是安全的，从B点开始执G70将发生碰撞。出于安全考虑，G70循环通常使用粗加工循环中的循环起点。,E:\big\cnc-voice-rag-platform\data\parsed\DOC004\rendered\page_121.png,pending,,,
P1,121,113,DOC004_P121_B015,paragraph,ocr_or_structure_issue,low_confidence,,,第2章 车削加工编程 > 2.4 数控车削循环指令 > 2.4.4 外圆车削复合循环G71,此处发生碰撞A6B,E:\big\cnc-voice-rag-platform\data\parsed\DOC004\rendered\page_121.png,pending,,,
P1,121,113,DOC004_P121_B016,caption,used_by_reviewed_evidence,,EDEV017,,第2章 车削加工编程 > 2.4 数控车削循环指令 > 2.4.4 外圆车削复合循环G71,图2-78使用G70功能可能出现的碰撞,E:\big\cnc-voice-rag-platform\data\parsed\DOC004\rendered\page_121.png,pending,,,
P1,121,113,DOC004_P121_B017,paragraph,used_by_reviewed_evidence,,EDEV018,,第2章 车削加工编程 > 2.4 数控车削循环指令 > 2.4.4 外圆车削复合循环G71,②使用G71粗加工循环时，只有在G71程序段中的F、S、T功能有效，而循环应用程序段中的F、S、T功能，即使指定也无效（但对精加工有效，若不指定，则加工时的F、S、T维持粗加工值不变）。,E:\big\cnc-voice-rag-platform\data\parsed\DOC004\rendered\page_121.png,pending,,,
P1,122,114,DOC004_P122_B032,paragraph,ocr_or_structure_issue,low_confidence,,,第2章 车削加工编程 > 2.4 数控车削循环指令 > 2.4.4 外圆车削复合循环G71,2,E:\big\cnc-voice-rag-platform\data\parsed\DOC004\rendered\page_122.png,pending,,,
P1,123,115,DOC004_P123_B001,header_footer,ocr_or_structure_issue,possible_ocr_confusion|header_chapter_number_missing,,,第2章 车削加工编程 > 2.4 数控车削循环指令 > 2.4.5 仿形车削复合循环G73,第章车削加工编程115,E:\big\cnc-voice-rag-platform\data\parsed\DOC004\rendered\page_123.png,pending,,,
P1,123,115,DOC004_P123_B019,paragraph,ocr_or_structure_issue,low_confidence,,,第2章 车削加工编程 > 2.4 数控车削循环指令 > 2.4.5 仿形车削复合循环G73,72p0$,E:\big\cnc-voice-rag-platform\data\parsed\DOC004\rendered\page_123.png,pending,,,
P1,123,115,DOC004_P123_B021,heading,used_by_reviewed_evidence,,EDEV004,,第2章 车削加工编程 > 2.4 数控车削循环指令 > 2.4.5 仿形车削复合循环G73,2.4.5 仿形车削复合循环G73,E:\big\cnc-voice-rag-platform\data\parsed\DOC004\rendered\page_123.png,pending,,,
P1,123,115,DOC004_P123_B022,paragraph,used_by_reviewed_evidence,,EDEV004,,第2章 车削加工编程 > 2.4 数控车削循环指令 > 2.4.5 仿形车削复合循环G73,仿形车削复合循环G73指令主要用于已经铸造、锻造成形的工件的粗加工，一般不用于棒料的加，因为若用于棒料的加工就会有较多的空行程，效率较低。,E:\big\cnc-voice-rag-platform\data\parsed\DOC004\rendered\page_123.png,pending,,,
P1,123,115,DOC004_P123_B023,label,used_by_reviewed_evidence,,EDEV019,,第2章 车削加工编程 > 2.4 数控车削循环指令 > 2.4.5 仿形车削复合循环G73,指令格式：,E:\big\cnc-voice-rag-platform\data\parsed\DOC004\rendered\page_123.png,pending,,,
P1,123,115,DOC004_P123_B025,code,used_by_reviewed_evidence,,EDEV019,,第2章 车削加工编程 > 2.4 数控车削循环指令 > 2.4.5 仿形车削复合循环G73,G73 UR,E:\big\cnc-voice-rag-platform\data\parsed\DOC004\rendered\page_123.png,pending,,,
P1,124,116,DOC004_P124_B003,paragraph,used_by_reviewed_evidence,,EDEV019,,第2章 车削加工编程 > 2.4 数控车削循环指令 > 2.4.5 仿形车削复合循环G73,(2）第二行U值为循环切削中径向（X向）的最大切削深度，半径值，单位为mm。计算时坯的最直径与零件图纸上所要加的最直径之差再除以2即得。,E:\big\cnc-voice-rag-platform\data\parsed\DOC004\rendered\page_124.png,pending,,,
P1,124,116,DOC004_P124_B004,paragraph,used_by_reviewed_evidence,,EDEV019,,第2章 车削加工编程 > 2.4 数控车削循环指令 > 2.4.5 仿形车削复合循环G73,R值为加工循环次数，一般在计算中取R=U1。,E:\big\cnc-voice-rag-platform\data\parsed\DOC004\rendered\page_124.png,pending,,,
P1,124,116,DOC004_P124_B005,subheading,used_by_reviewed_evidence,,EDEV019,,第2章 车削加工编程 > 2.4 数控车削循环指令 > 2.4.5 仿形车削复合循环G73,（3）第三行,E:\big\cnc-voice-rag-platform\data\parsed\DOC004\rendered\page_124.png,pending,,,
P1,124,116,DOC004_P124_B006,paragraph,used_by_reviewed_evidence,,EDEV019,,第2章 车削加工编程 > 2.4 数控车削循环指令 > 2.4.5 仿形车削复合循环G73,P值为轮廓循环开始程序段段号。,E:\big\cnc-voice-rag-platform\data\parsed\DOC004\rendered\page_124.png,pending,,,
P1,124,116,DOC004_P124_B007,paragraph,used_by_reviewed_evidence,,EDEV019,,第2章 车削加工编程 > 2.4 数控车削循环指令 > 2.4.5 仿形车削复合循环G73,Q值为结束程序段的段号。,E:\big\cnc-voice-rag-platform\data\parsed\DOC004\rendered\page_124.png,pending,,,
P1,124,116,DOC004_P124_B008,paragraph,used_by_reviewed_evidence,,EDEV019,,第2章 车削加工编程 > 2.4 数控车削循环指令 > 2.4.5 仿形车削复合循环G73,U值为X方向的精加工余量，直径值，单位为mm。,E:\big\cnc-voice-rag-platform\data\parsed\DOC004\rendered\page_124.png,pending,,,
P1,124,116,DOC004_P124_B009,paragraph,used_by_reviewed_evidence,,EDEV019,,第2章 车削加工编程 > 2.4 数控车削循环指令 > 2.4.5 仿形车削复合循环G73,W值为Z方向的精加工余量，单位为mm。,E:\big\cnc-voice-rag-platform\data\parsed\DOC004\rendered\page_124.png,pending,,,
P1,124,116,DOC004_P124_B010,paragraph,used_by_reviewed_evidence,,EDEV019,,第2章 车削加工编程 > 2.4 数控车削循环指令 > 2.4.5 仿形车削复合循环G73,F值为切削进给量，单位为mm/r。,E:\big\cnc-voice-rag-platform\data\parsed\DOC004\rendered\page_124.png,pending,,,
P1,124,116,DOC004_P124_B012,paragraph,ocr_or_structure_issue,low_confidence,,,第2章 车削加工编程 > 2.4 数控车削循环指令 > 2.4.5 仿形车削复合循环G73,2φ40SEφ-5595,E:\big\cnc-voice-rag-platform\data\parsed\DOC004\rendered\page_124.png,pending,,,
P1,125,117,DOC004_P125_B001,header_footer,ocr_or_structure_issue,possible_ocr_confusion|header_chapter_number_missing,,,第2章 车削加工编程 > 2.4 数控车削循环指令 > 2.4.6 螺纹切削复合循环G76,第章车削加工编程117,E:\big\cnc-voice-rag-platform\data\parsed\DOC004\rendered\page_125.png,pending,,,
P1,125,117,DOC004_P125_B004,paragraph,ocr_or_structure_issue,possible_ocr_confusion,,,第2章 车削加工编程 > 2.4 数控车削循环指令 > 2.4.6 螺纹切削复合循环G76,（精车终止程序段）GOOX60.0Z2.0（进刀到循环起点）,E:\big\cnc-voice-rag-platform\data\parsed\DOC004\rendered\page_125.png,pending,,,
P1,125,117,DOC004_P125_B015,paragraph,ocr_or_structure_issue,low_confidence,,,第2章 车削加工编程 > 2.4 数控车削循环指令 > 2.4.6 螺纹切削复合循环G76,02%φ32,E:\big\cnc-voice-rag-platform\data\parsed\DOC004\rendered\page_125.png,pending,,,
P1,126,118,DOC004_P126_B003,paragraph,used_by_reviewed_evidence,,EDEV005A|EDEV020,,第2章 车削加工编程 > 2.4 数控车削循环指令 > 2.4.6 螺纹切削复合循环G76,螺纹切削复合循环G76指令采用多次自动循环斜进法切削螺纹，经常用于加工不带退刀槽的圆柱螺纹和圆锥螺纹，可实现单侧刀刃螺纹切削，吃刀量逐渐减少，保护刀具，提高螺纹精度。G76循环中的加工参数设置好后，可自动分层完成螺纹车削。,E:\big\cnc-voice-rag-platform\data\parsed\DOC004\rendered\page_126.png,pending,,,
P1,126,118,DOC004_P126_B004,label,used_by_reviewed_evidence,,EDEV005A,,第2章 车削加工编程 > 2.4 数控车削循环指令 > 2.4.6 螺纹切削复合循环G76,指令格式：,E:\big\cnc-voice-rag-platform\data\parsed\DOC004\rendered\page_126.png,pending,,,
P1,126,118,DOC004_P126_B005,paragraph,ocr_or_structure_issue,low_confidence|possible_ocr_confusion,,,第2章 车削加工编程 > 2.4 数控车削循环指令 > 2.4.6 螺纹切削复合循环G76,GOOX_Z,E:\big\cnc-voice-rag-platform\data\parsed\DOC004\rendered\page_126.png,pending,,,
P1,126,118,DOC004_P126_B011,paragraph,used_by_reviewed_evidence,,EDEV005A|EDEV021,,第2章 车削加工编程 > 2.4 数控车削循环指令 > 2.4.6 螺纹切削复合循环G76,(2）第二行m为精车重复次数，取值范围为00～99（单位：次），必须输两位数，一般取01～03次。重复精车的切削深度为0，用于消除切削时的机械应力（让刀）造成的欠切，提高螺纹精度和表面质量，去除了牙侧的毛刺，对螺纹的牙型起修光作用。,E:\big\cnc-voice-rag-platform\data\parsed\DOC004\rendered\page_126.png,pending,,,
P1,126,118,DOC004_P126_B012,paragraph,used_by_reviewed_evidence,,EDEV005A|EDEV021,,第2章 车削加工编程 > 2.4 数控车削循环指令 > 2.4.6 螺纹切削复合循环G76,r为螺纹尾端倒角量，也称螺纹退尾量，取值范围为00～99，一般取00～20，（单位为0.1P，P为螺距），必须输两位数。如图2-84所示，螺纹加工路线尾端45°倒角，r为倒角量。螺纹退尾功能可实现无退刀槽螺纹的加工。例如取1.1倍螺距，表示为11。,E:\big\cnc-voice-rag-platform\data\parsed\DOC004\rendered\page_126.png,pending,,,
P1,126,118,DOC004_P126_B013,paragraph,ocr_or_structure_issue,low_confidence,,,第2章 车削加工编程 > 2.4 数控车削循环指令 > 2.4.6 螺纹切削复合循环G76,Z轴a/2RkBiBB\Δdn∆d↑B螺纹切削D-----快速移动2inA:起点(终点）B:螺纹切深参考点C:螺纹起点ED:螺纹终点ZWX轴,E:\big\cnc-voice-rag-platform\data\parsed\DOC004\rendered\page_126.png,pending,,,
P1,127,119,DOC004_P127_B001,header_footer,ocr_or_structure_issue,possible_ocr_confusion|header_chapter_number_missing,,,第2章 车削加工编程 > 2.4 数控车削循环指令 > 2.4.6 螺纹切削复合循环G76,第章车削加工编程119,E:\big\cnc-voice-rag-platform\data\parsed\DOC004\rendered\page_127.png,pending,,,
P1,127,119,DOC004_P127_B002,paragraph,used_by_reviewed_evidence,,EDEV005B|EDEV022,,第2章 车削加工编程 > 2.4 数控车削循环指令 > 2.4.6 螺纹切削复合循环G76,α为刀尖角度，即牙型角（相邻两牙之间的夹角），常见螺纹牙型角有80°、60°、55°、30°、29°、0°，单位为（°），必须输入两位数。实际螺纹的角度由刀具决定。普通三角形螺纹的牙型角为60°Δdmin为最小切深，单位为μm，半径值，一般取50~100μm。,E:\big\cnc-voice-rag-platform\data\parsed\DOC004\rendered\page_127.png,pending,,,
P1,127,119,DOC004_P127_B003,paragraph,used_by_reviewed_evidence,,EDEV022,,第2章 车削加工编程 > 2.4 数控车削循环指令 > 2.4.6 螺纹切削复合循环G76,车削过程中，如果切削深度小于此值，则深度就锁定在此值。,E:\big\cnc-voice-rag-platform\data\parsed\DOC004\rendered\page_127.png,pending,,,
P1,127,119,DOC004_P127_B004,paragraph,used_by_reviewed_evidence,,EDEV005B|EDEV022,,第2章 车削加工编程 > 2.4 数控车削循环指令 > 2.4.6 螺纹切削复合循环G76,d为精车余量，螺纹精车的切削深度，半径值，单位为μm，一般取50~100μm。,E:\big\cnc-voice-rag-platform\data\parsed\DOC004\rendered\page_127.png,pending,,,
P1,127,119,DOC004_P127_B005,subheading,used_by_reviewed_evidence,,EDEV005B,,第2章 车削加工编程 > 2.4 数控车削循环指令 > 2.4.6 螺纹切削复合循环G76,（3）第三行,E:\big\cnc-voice-rag-platform\data\parsed\DOC004\rendered\page_127.png,pending,,,
P1,127,119,DOC004_P127_B006,paragraph,used_by_reviewed_evidence,,EDEV005B,,第2章 车削加工编程 > 2.4 数控车削循环指令 > 2.4.6 螺纹切削复合循环G76,X、Z为螺纹切削终点坐标值，即图2-84中所示D点。因为螺纹的加工路线中螺纹尾部为45°倒角，所以一般车不到D点，D点为理论值。,E:\big\cnc-voice-rag-platform\data\parsed\DOC004\rendered\page_127.png,pending,,,
P1,127,119,DOC004_P127_B007,paragraph,used_by_reviewed_evidence,,EDEV005B,,第2章 车削加工编程 > 2.4 数控车削循环指令 > 2.4.6 螺纹切削复合循环G76,i为螺纹两端半径差，即锥度值，单位为mm，圆柱螺纹半径差为0。,E:\big\cnc-voice-rag-platform\data\parsed\DOC004\rendered\page_127.png,pending,,,
P1,127,119,DOC004_P127_B008,paragraph,used_by_reviewed_evidence,,EDEV005B,,第2章 车削加工编程 > 2.4 数控车削循环指令 > 2.4.6 螺纹切削复合循环G76,k为螺纹高度，半径值，单位为μm，一般取0.54P（P为螺距）。,E:\big\cnc-voice-rag-platform\data\parsed\DOC004\rendered\page_127.png,pending,,,
P1,127,119,DOC004_P127_B009,paragraph,used_by_reviewed_evidence,,EDEV005B,,第2章 车削加工编程 > 2.4 数控车削循环指令 > 2.4.6 螺纹切削复合循环G76,Δd为第一刀车削深度，半径值，根据机床刚性和螺距大小来取值，建议取300～800μm。图2-84中△d√n表示第n次车削的深度值。,E:\big\cnc-voice-rag-platform\data\parsed\DOC004\rendered\page_127.png,pending,,,
P1,127,119,DOC004_P127_B010,paragraph,used_by_reviewed_evidence,,EDEV005B,,第2章 车削加工编程 > 2.4 数控车削循环指令 > 2.4.6 螺纹切削复合循环G76,L为螺纹导程，为同一条螺旋线上相邻两牙之间的轴向距离，即螺距×螺纹头数，单位为mm。单头螺纹的导程等于螺距。,E:\big\cnc-voice-rag-platform\data\parsed\DOC004\rendered\page_127.png,pending,,,
P1,127,119,DOC004_P127_B016,code,ocr_or_structure_issue,low_confidence,,,第2章 车削加工编程 > 2.4 数控车削循环指令 > 2.4.6 螺纹切削复合循环G76,Z8W,E:\big\cnc-voice-rag-platform\data\parsed\DOC004\rendered\page_127.png,pending,,,
P1,128,120,DOC004_P128_B015,paragraph,ocr_or_structure_issue,low_confidence,,,第2章 车削加工编程 > 2.4 数控车削循环指令 > 2.4.6 螺纹切削复合循环G76,mm件号MLL1,E:\big\cnc-voice-rag-platform\data\parsed\DOC004\rendered\page_128.png,pending,,,
P1,128,120,DOC004_P128_B023,heading,used_by_reviewed_evidence,,EDEV006,,第2章 车削加工编程 > 2.5子程序,2.5子程序,E:\big\cnc-voice-rag-platform\data\parsed\DOC004\rendered\page_128.png,pending,,,
P1,128,120,DOC004_P128_B026,subheading,used_by_reviewed_evidence,,EDEV006,,第2章 车削加工编程 > 2.5子程序,（1）主程序调用子程序（M98）,E:\big\cnc-voice-rag-platform\data\parsed\DOC004\rendered\page_128.png,pending,,,
P1,128,120,DOC004_P128_B027,label,used_by_reviewed_evidence,,EDEV006,,第2章 车削加工编程 > 2.5子程序,指令格式：,E:\big\cnc-voice-rag-platform\data\parsed\DOC004\rendered\page_128.png,pending,,,
P1,128,120,DOC004_P128_B028,code,used_by_reviewed_evidence,,EDEV006,,第2章 车削加工编程 > 2.5子程序,M98P_L_,E:\big\cnc-voice-rag-platform\data\parsed\DOC004\rendered\page_128.png,pending,,,
P1,128,120,DOC004_P128_B029,paragraph,used_by_reviewed_evidence,,EDEV006,,第2章 车削加工编程 > 2.5子程序,各地址含义：P为要调用的子程序号；L为重复调用子程序的次数，当只调1次（L1）时，L1可以省略。,E:\big\cnc-voice-rag-platform\data\parsed\DOC004\rendered\page_128.png,pending,,,
P1,145,137,DOC004_P145_B001,header_footer,ocr_or_structure_issue,possible_ocr_confusion|header_chapter_number_missing,,,第3章 铣削加工编程 > 3.1 数控铣削加工编程概述,第章铣削加工编程137,E:\big\cnc-voice-rag-platform\data\parsed\DOC004\rendered\page_145.png,pending,,,
P1,145,137,DOC004_P145_B002,subheading,used_by_reviewed_evidence,,EDEV007,,第3章 铣削加工编程 > 3.1 数控铣削加工编程概述,（5）平面选择（G17/G18/G19）,E:\big\cnc-voice-rag-platform\data\parsed\DOC004\rendered\page_145.png,pending,,,
P1,145,137,DOC004_P145_B003,paragraph,used_by_reviewed_evidence,,EDEV007,,第3章 铣削加工编程 > 3.1 数控铣削加工编程概述,坐标平面选择指令于选择圆弧插补平和刀具补偿平面。如图3-15所示G17选择XOY平面，G18选择XOZ平面，G19选择YOZ平面。,E:\big\cnc-voice-rag-platform\data\parsed\DOC004\rendered\page_145.png,pending,,,
P1,145,137,DOC004_P145_B004,paragraph,ocr_or_structure_issue,possible_ocr_confusion,,,第3章 铣削加工编程 > 3.1 数控铣削加工编程概述,Z轴移动指令与平选择关，如“G17 Z”，Z轴不存在XOY平面上，但这条指令可使机床在Z轴向上产移动。,E:\big\cnc-voice-rag-platform\data\parsed\DOC004\rendered\page_145.png,pending,,,
P1,145,137,DOC004_P145_B006,subheading,used_by_reviewed_evidence,,EDEV023,,第3章 铣削加工编程 > 3.1 数控铣削加工编程概述,（6）绝对与相对坐标值（G90/G91）,E:\big\cnc-voice-rag-platform\data\parsed\DOC004\rendered\page_145.png,pending,,,
P1,145,137,DOC004_P145_B007,paragraph,used_by_reviewed_evidence,,EDEV023,,第3章 铣削加工编程 > 3.1 数控铣削加工编程概述,绝对坐标值编程用G90指令，相对坐标值编程用G91指令。,E:\big\cnc-voice-rag-platform\data\parsed\DOC004\rendered\page_145.png,pending,,,
P1,145,137,DOC004_P145_B008,paragraph,used_by_reviewed_evidence,,EDEV023,,第3章 铣削加工编程 > 3.1 数控铣削加工编程概述,这是一对模态G指令，在同一程序段中只能用一种，不能混用。,E:\big\cnc-voice-rag-platform\data\parsed\DOC004\rendered\page_145.png,pending,,,
P1,145,137,DOC004_P145_B009,heading,used_by_reviewed_evidence,,EDEV024,,第3章 铣削加工编程 > 3.2刀具半径补偿,3.2刀具半径补偿,E:\big\cnc-voice-rag-platform\data\parsed\DOC004\rendered\page_145.png,pending,,,
P1,145,137,DOC004_P145_B010,paragraph,used_by_reviewed_evidence,,EDEV024,,第3章 铣削加工编程 > 3.2刀具半径补偿,在零件轮廓铣削加时，由于刀具半径尺寸影响，刀具的中轨迹与零件轮廓往往不一致，如图3-2所。为了避免计算刀具中轨迹，数控系统提供了刀具半径补偿功能。采用刀具半径补偿指令后，编程时只需按零件轮廓编制，数控系统就能自动计算刀具中心轨迹，并使刀具按此轨迹运动，使编程简化。,E:\big\cnc-voice-rag-platform\data\parsed\DOC004\rendered\page_145.png,pending,,,
P1,145,137,DOC004_P145_B012,caption,used_by_reviewed_evidence,,EDEV024,,第3章 铣削加工编程 > 3.2刀具半径补偿,图3-2刀具半径补偿示意图,E:\big\cnc-voice-rag-platform\data\parsed\DOC004\rendered\page_145.png,pending,,,
P1,146,138,DOC004_P146_B008,paragraph,used_by_reviewed_evidence,,EDEV008,,第3章 铣削加工编程 > 3.2 刀具半径补偿,G41/G42/G40为刀具半径补偿形式。,E:\big\cnc-voice-rag-platform\data\parsed\DOC004\rendered\page_146.png,pending,,,
P1,146,138,DOC004_P146_B010,paragraph,used_by_reviewed_evidence,,EDEV008,,第3章 铣削加工编程 > 3.2 刀具半径补偿,如图3-3所，G41表示刀具半径左补偿,E:\big\cnc-voice-rag-platform\data\parsed\DOC004\rendered\page_146.png,pending,,,
P1,146,138,DOC004_P146_B012,paragraph,used_by_reviewed_evidence,,EDEV008,,第3章 铣削加工编程 > 3.2 刀具半径补偿,（简称左刀补），指沿刀具前进方向看去（进给方向），刀具中心轨迹偏在被加工面刀具,E:\big\cnc-voice-rag-platform\data\parsed\DOC004\rendered\page_146.png,pending,,,
P1,146,138,DOC004_P146_B014,paragraph,used_by_reviewed_evidence,,EDEV008,,第3章 铣削加工编程 > 3.2 刀具半径补偿,的左边。如图3-3所示，G42表示刀具半,E:\big\cnc-voice-rag-platform\data\parsed\DOC004\rendered\page_146.png,pending,,,
P1,146,138,DOC004_P146_B016,paragraph,used_by_reviewed_evidence,,EDEV008,,第3章 铣削加工编程 > 3.2 刀具半径补偿,方向看去（进给方向），刀具中心轨迹偏在被加工面的右边。G40表示取消刀具半径补偿。,E:\big\cnc-voice-rag-platform\data\parsed\DOC004\rendered\page_146.png,pending,,,
P1,146,138,DOC004_P146_B019,paragraph,used_by_reviewed_evidence,,EDEV025,,第3章 铣削加工编程 > 3.2 刀具半径补偿,D为刀具半径补偿功能字，其后两位数为补偿编号，该补偿编号对应的存储值为刀具半径补偿值，补偿值为刀具中心偏离编程零件轮廓的距离。特别的，D00也可取消刀具半径补偿。,E:\big\cnc-voice-rag-platform\data\parsed\DOC004\rendered\page_146.png,pending,,,
P1,146,138,DOC004_P146_B020,subheading,used_by_reviewed_evidence,,EDEV009,,第3章 铣削加工编程 > 3.2 刀具半径补偿,（2）刀具半径补偿需要注意的几个问题,E:\big\cnc-voice-rag-platform\data\parsed\DOC004\rendered\page_146.png,pending,,,
P1,146,138,DOC004_P146_B021,paragraph,used_by_reviewed_evidence,,EDEV009,,第3章 铣削加工编程 > 3.2 刀具半径补偿,建立和取消刀具半径补偿必须有补偿平面坐标轴的移动，并且该移动距离必须于刀具半径补偿值，否则系统将会产生刀具半径补偿无法建的情况，有时会产生报警。,E:\big\cnc-voice-rag-platform\data\parsed\DOC004\rendered\page_146.png,pending,,,
P1,147,139,DOC004_P147_B001,header_footer,ocr_or_structure_issue,possible_ocr_confusion,,,第3章 铣削加工编程 > 3.2 刀具半径补偿,第③章铣削加工编程 139,E:\big\cnc-voice-rag-platform\data\parsed\DOC004\rendered\page_147.png,pending,,,
P1,147,139,DOC004_P147_B005,caption,used_by_reviewed_evidence,,EDEV009,,第3章 铣削加工编程 > 3.2 刀具半径补偿,图3-4用G41/G40进刀、退刀发生干涉,E:\big\cnc-voice-rag-platform\data\parsed\DOC004\rendered\page_147.png,pending,,,
P1,147,139,DOC004_P147_B009,caption,used_by_reviewed_evidence,,EDEV009,,第3章 铣削加工编程 > 3.2 刀具半径补偿,图3-5用G41/G40进刀、退刀,E:\big\cnc-voice-rag-platform\data\parsed\DOC004\rendered\page_147.png,pending,,,
P1,147,139,DOC004_P147_B010,paragraph,used_by_reviewed_evidence,,EDEV026,,第3章 铣削加工编程 > 3.2 刀具半径补偿,应避免加工过程中出现过切现象。通常过切有以下两种情况：,E:\big\cnc-voice-rag-platform\data\parsed\DOC004\rendered\page_147.png,pending,,,
P1,147,139,DOC004_P147_B011,paragraph,used_by_reviewed_evidence,,EDEV026,,第3章 铣削加工编程 > 3.2 刀具半径补偿,如图3-6所刀具半径于所加件内轮廓转时产的过切或如图3-7所刀具直径于加沟槽时产的过切。,E:\big\cnc-voice-rag-platform\data\parsed\DOC004\rendered\page_147.png,pending,,,
P1,147,139,DOC004_P147_B013,caption,used_by_reviewed_evidence,,EDEV026,,第3章 铣削加工编程 > 3.2 刀具半径补偿,图3-6加工内轮廓转角,E:\big\cnc-voice-rag-platform\data\parsed\DOC004\rendered\page_147.png,pending,,,
P1,147,139,DOC004_P147_B014,caption,used_by_reviewed_evidence,,EDEV026,,第3章 铣削加工编程 > 3.2 刀具半径补偿,图3-7 加工沟槽,E:\big\cnc-voice-rag-platform\data\parsed\DOC004\rendered\page_147.png,pending,,,
P1,148,140,DOC004_P148_B003,subheading,used_by_reviewed_evidence,,EDEV027,,第3章 铣削加工编程 > 3.2 刀具半径补偿,（3）刀具半径补偿的其他应用,E:\big\cnc-voice-rag-platform\data\parsed\DOC004\rendered\page_148.png,pending,,,
P1,148,140,DOC004_P148_B004,paragraph,used_by_reviewed_evidence,,EDEV027,,第3章 铣削加工编程 > 3.2 刀具半径补偿,应刀具半径补偿指令加工时，刀具的中始终与件轮廓相距个刀具半径距离。当刀具磨损或刀具重磨后，刀具半径变，这时只需在刀具补偿值中输改变后的刀具半径，而不必修改程序。在采用同一把半径为R的刀具，并用同一个程序进粗、精加工时，设精加工余量为△，则粗加工时设置的刀具半径补偿量为R十Δ，精加工时设置的刀具半径补偿量为R，就能在粗加工后留下精加工余量△，然后，在精加工时完成切削，如图3-8所示。,E:\big\cnc-voice-rag-platform\data\parsed\DOC004\rendered\page_148.png,pending,,,
P1,148,140,DOC004_P148_B006,caption,used_by_reviewed_evidence,,EDEV027,,第3章 铣削加工编程 > 3.2 刀具半径补偿,图3-8刀具半径补偿的应用实例,E:\big\cnc-voice-rag-platform\data\parsed\DOC004\rendered\page_148.png,pending,,,
P1,148,140,DOC004_P148_B008,paragraph,ocr_or_structure_issue,low_confidence,,,第3章 铣削加工编程 > 3.2 刀具半径补偿,在数控铣床上加工编程时，加工编程轨迹为如图3-9所示的实线，进给方向如箭头所示，若铣刀中心轨迹为点画线A所标识的方向路线，则应采取补偿，指令为若为B所标识的方向路线，则应采取补偿，指令为若为C所标识的方向路线，则应采取补偿，指令为;若为D所标识的方向路线，则应采取补偿，指令为若为E所标识的方向路线，则应采取补偿，指令为若为F所标识的方向路线，则应采取补偿，指令为若为G所标识的方向路线，则应采取补偿，指令为;若为H所标识的方向路线，则应采取补偿，指令为0,E:\big\cnc-voice-rag-platform\data\parsed\DOC004\rendered\page_148.png,pending,,,
P1,149,141,DOC004_P149_B001,header_footer,ocr_or_structure_issue,possible_ocr_confusion,,,第3章 铣削加工编程 > 3.2 刀具半径补偿,第③章铣削加工编程141,E:\big\cnc-voice-rag-platform\data\parsed\DOC004\rendered\page_149.png,pending,,,
P1,149,141,DOC004_P149_B002,paragraph,ocr_or_structure_issue,low_confidence,,,第3章 铣削加工编程 > 3.2 刀具半径补偿,BZxHX,E:\big\cnc-voice-rag-platform\data\parsed\DOC004\rendered\page_149.png,pending,,,
P1,149,141,DOC004_P149_B009,paragraph,ocr_or_structure_issue,low_confidence,,,第3章 铣削加工编程 > 3.2 刀具半径补偿,(B点),E:\big\cnc-voice-rag-platform\data\parsed\DOC004\rendered\page_149.png,pending,,,
P1,149,141,DOC004_P149_B012,heading,short_structural_chunk,,,DOC004_STRUCTURAL_T512_V02_C0047,第3章 铣削加工编程 > 3.3 数控铣削精加工,3.3 数控铣削精加工,E:\big\cnc-voice-rag-platform\data\parsed\DOC004\rendered\page_149.png,pending,,,
P1,149,141,DOC004_P149_B013,caption,short_structural_chunk,,,DOC004_STRUCTURAL_T512_V02_C0047,第3章 铣削加工编程 > 3.3 数控铣削精加工,图3-10,E:\big\cnc-voice-rag-platform\data\parsed\DOC004\rendered\page_149.png,pending,,,
P1,149,141,DOC004_P149_B014,heading,short_structural_chunk,,,DOC004_STRUCTURAL_T512_V02_C0047,第3章 铣削加工编程 > 3.3 数控铣削精加工 > 3.3.1 直线插补精铣平外轮廓,3.3.1 直线插补精铣平外轮廓,E:\big\cnc-voice-rag-platform\data\parsed\DOC004\rendered\page_149.png,pending,,,
P1,150,142,DOC004_P150_B003,label,used_by_reviewed_evidence,,EDEV010|EDEV028,,第3章 铣削加工编程 > 3.3 数控铣削精加工 > 3.3.1 直线插补精铣平面外轮廓,指令格式：,E:\big\cnc-voice-rag-platform\data\parsed\DOC004\rendered\page_150.png,pending,,,
P1,150,142,DOC004_P150_B005,paragraph,used_by_reviewed_evidence,,EDEV010|EDEV028,,第3章 铣削加工编程 > 3.3 数控铣削精加工 > 3.3.1 直线插补精铣平面外轮廓,GO0的运动速度、运动轨迹由系统决定，它的运动轨迹一般不是一条直线，而是几条直线段的组合，因此编程时需注意避免刀具与工件或机床发生碰撞。,E:\big\cnc-voice-rag-platform\data\parsed\DOC004\rendered\page_150.png,pending,,,
P1,150,142,DOC004_P150_B006,subheading,used_by_reviewed_evidence,,EDEV010|EDEV029,,第3章 铣削加工编程 > 3.3 数控铣削精加工 > 3.3.1 直线插补精铣平面外轮廓,（2）直线插补（G01）,E:\big\cnc-voice-rag-platform\data\parsed\DOC004\rendered\page_150.png,pending,,,
P1,150,142,DOC004_P150_B007,label,used_by_reviewed_evidence,,EDEV010|EDEV029,,第3章 铣削加工编程 > 3.3 数控铣削精加工 > 3.3.1 直线插补精铣平面外轮廓,指令格式：,E:\big\cnc-voice-rag-platform\data\parsed\DOC004\rendered\page_150.png,pending,,,
P1,150,142,DOC004_P150_B009,label,used_by_reviewed_evidence,,EDEV029,,第3章 铣削加工编程 > 3.3 数控铣削精加工 > 3.3.1 直线插补精铣平面外轮廓,各地址含义：,E:\big\cnc-voice-rag-platform\data\parsed\DOC004\rendered\page_150.png,pending,,,
P1,150,142,DOC004_P150_B010,paragraph,used_by_reviewed_evidence,,EDEV010|EDEV029,,第3章 铣削加工编程 > 3.3 数控铣削精加工 > 3.3.1 直线插补精铣平面外轮廓,X、Y、Z为刀具轨迹终点坐标值。,E:\big\cnc-voice-rag-platform\data\parsed\DOC004\rendered\page_150.png,pending,,,
P1,150,142,DOC004_P150_B011,paragraph,used_by_reviewed_evidence,,EDEV010|EDEV029,,第3章 铣削加工编程 > 3.3 数控铣削精加工 > 3.3.1 直线插补精铣平面外轮廓,F为进给速度，单位为mm/min。,E:\big\cnc-voice-rag-platform\data\parsed\DOC004\rendered\page_150.png,pending,,,
P1,150,142,DOC004_P150_B012,paragraph,used_by_reviewed_evidence,,EDEV010|EDEV029,,第3章 铣削加工编程 > 3.3 数控铣削精加工 > 3.3.1 直线插补精铣平面外轮廓,直线插补指令用于刀具相对于工件以F指令进给速度，从当前点向终点进行直线移动。刀具沿X、Y、Z方向执单轴移动，或在各坐标平面内执行任意斜率的直线移动，也可执行三轴联动，刀具沿指定空间直线移动。F指令是进给速度指令，在没有新的F指令以前一直有效，不必在每个程序段中都写入F指令。,E:\big\cnc-voice-rag-platform\data\parsed\DOC004\rendered\page_150.png,pending,,,
P1,150,142,DOC004_P150_B013,code,ocr_or_structure_issue,low_confidence,,,第3章 铣削加工编程 > 3.3 数控铣削精加工 > 3.3.1 直线插补精铣平面外轮廓,G00,E:\big\cnc-voice-rag-platform\data\parsed\DOC004\rendered\page_150.png,pending,,,
P1,151,143,DOC004_P151_B001,header_footer,ocr_or_structure_issue,possible_ocr_confusion,,,第3章 铣削加工编程 > 3.3 数控铣削精加工 > 3.3.1 直线插补精铣平面外轮廓,第③章铣削加工编程143,E:\big\cnc-voice-rag-platform\data\parsed\DOC004\rendered\page_151.png,pending,,,
P1,151,143,DOC004_P151_B002,paragraph,ocr_or_structure_issue,low_confidence,,,第3章 铣削加工编程 > 3.3 数控铣削精加工 > 3.3.1 直线插补精铣平面外轮廓,刀具50DE0B工件原点(a)(b),E:\big\cnc-voice-rag-platform\data\parsed\DOC004\rendered\page_151.png,pending,,,
P1,151,143,DOC004_P151_B015,paragraph,ocr_or_structure_issue,low_confidence,,,第3章 铣削加工编程 > 3.3 数控铣削精加工 > 3.3.1 直线插补精铣平面外轮廓,（切削到刀位点B）XO（切削到刀位点C）,E:\big\cnc-voice-rag-platform\data\parsed\DOC004\rendered\page_151.png,pending,,,
P1,152,144,DOC004_P152_B002,paragraph,ocr_or_structure_issue,low_confidence,,,第3章 铣削加工编程 > 3.3 数控铣削精加工 > 3.3.1 直线插补精铣平面外轮廓,刀具1GBφ40A,E:\big\cnc-voice-rag-platform\data\parsed\DOC004\rendered\page_152.png,pending,,,
P1,152,144,DOC004_P152_B003,code,ocr_or_structure_issue,low_confidence,,,第3章 铣削加工编程 > 3.3 数控铣削精加工 > 3.3.1 直线插补精铣平面外轮廓,X4,E:\big\cnc-voice-rag-platform\data\parsed\DOC004\rendered\page_152.png,pending,,,
P1,152,144,DOC004_P152_B004,paragraph,ocr_or_structure_issue,low_confidence,,,第3章 铣削加工编程 > 3.3 数控铣削精加工 > 3.3.1 直线插补精铣平面外轮廓,FCED(a)(b),E:\big\cnc-voice-rag-platform\data\parsed\DOC004\rendered\page_152.png,pending,,,
P1,152,144,DOC004_P152_B009,heading,suspicious_chapter_path,,,,第17章 > 17.32)。,17.32)。,E:\big\cnc-voice-rag-platform\data\parsed\DOC004\rendered\page_152.png,pending,,,
P1,152,144,DOC004_P152_B010,paragraph,suspicious_chapter_path,,,,第17章 > 17.32)。,提示：各刀位点坐标值常用计算方法有三角函数法和CAD查询法。,E:\big\cnc-voice-rag-platform\data\parsed\DOC004\rendered\page_152.png,pending,,,
P1,152,144,DOC004_P152_B011,paragraph,suspicious_chapter_path,,,,第17章 > 17.32)。,第4步，程序编制。编制加工程序如下。,E:\big\cnc-voice-rag-platform\data\parsed\DOC004\rendered\page_152.png,pending,,,
P1,152,144,DOC004_P152_B012,paragraph,suspicious_chapter_path,,,,第17章 > 17.32)。,00002,E:\big\cnc-voice-rag-platform\data\parsed\DOC004\rendered\page_152.png,pending,,,
P1,152,144,DOC004_P152_B013,code,suspicious_chapter_path,,,,第17章 > 17.32)。,G54,E:\big\cnc-voice-rag-platform\data\parsed\DOC004\rendered\page_152.png,pending,,,
P1,152,144,DOC004_P152_B014,code,suspicious_chapter_path,,,,第17章 > 17.32)。,G00X-100.0Y100.0,E:\big\cnc-voice-rag-platform\data\parsed\DOC004\rendered\page_152.png,pending,,,
P1,152,144,DOC004_P152_B015,paragraph,suspicious_chapter_path|ocr_or_structure_issue,low_confidence,,,第17章 > 17.32)。,(0点）,E:\big\cnc-voice-rag-platform\data\parsed\DOC004\rendered\page_152.png,pending,,,
P1,152,144,DOC004_P152_B016,code,suspicious_chapter_path,,,,第17章 > 17.32)。,M03,E:\big\cnc-voice-rag-platform\data\parsed\DOC004\rendered\page_152.png,pending,,,
P1,152,144,DOC004_P152_B017,code,suspicious_chapter_path,,,,第17章 > 17.32)。,S800,E:\big\cnc-voice-rag-platform\data\parsed\DOC004\rendered\page_152.png,pending,,,
P1,152,144,DOC004_P152_B018,paragraph,suspicious_chapter_path|ocr_or_structure_issue,possible_ocr_confusion,,,第17章 > 17.32)。,GOO,E:\big\cnc-voice-rag-platform\data\parsed\DOC004\rendered\page_152.png,pending,,,
P1,152,144,DOC004_P152_B019,code,suspicious_chapter_path,,,,第17章 > 17.32)。,G41 X-14.0 Y17.32 D01 M08,E:\big\cnc-voice-rag-platform\data\parsed\DOC004\rendered\page_152.png,pending,,,
P1,152,144,DOC004_P152_B020,paragraph,suspicious_chapter_path|ocr_or_structure_issue,low_confidence,,,第17章 > 17.32)。,(A点),E:\big\cnc-voice-rag-platform\data\parsed\DOC004\rendered\page_152.png,pending,,,
P1,152,144,DOC004_P152_B021,code,suspicious_chapter_path,,,,第17章 > 17.32)。,G01,E:\big\cnc-voice-rag-platform\data\parsed\DOC004\rendered\page_152.png,pending,,,
P1,152,144,DOC004_P152_B022,code,suspicious_chapter_path,,,,第17章 > 17.32)。,X10.0F40,E:\big\cnc-voice-rag-platform\data\parsed\DOC004\rendered\page_152.png,pending,,,
P1,152,144,DOC004_P152_B023,paragraph,suspicious_chapter_path|ocr_or_structure_issue,low_confidence,,,第17章 > 17.32)。,（B点）,E:\big\cnc-voice-rag-platform\data\parsed\DOC004\rendered\page_152.png,pending,,,
P1,152,144,DOC004_P152_B024,code,suspicious_chapter_path|ocr_or_structure_issue,low_confidence,,,第17章 > 17.32)。,X20.0 YO,E:\big\cnc-voice-rag-platform\data\parsed\DOC004\rendered\page_152.png,pending,,,
P1,152,144,DOC004_P152_B025,paragraph,suspicious_chapter_path|ocr_or_structure_issue,low_confidence,,,第17章 > 17.32)。,（C点）,E:\big\cnc-voice-rag-platform\data\parsed\DOC004\rendered\page_152.png,pending,,,
P1,152,144,DOC004_P152_B026,code,suspicious_chapter_path,,,,第17章 > 17.32)。,X10.0Y-17.32,E:\big\cnc-voice-rag-platform\data\parsed\DOC004\rendered\page_152.png,pending,,,
P1,152,144,DOC004_P152_B027,paragraph,suspicious_chapter_path|ocr_or_structure_issue,low_confidence,,,第17章 > 17.32)。,(D点）,E:\big\cnc-voice-rag-platform\data\parsed\DOC004\rendered\page_152.png,pending,,,
P1,153,145,DOC004_P153_B001,header_footer,ocr_or_structure_issue,possible_ocr_confusion,,,第3章 铣削加工编程 > 3.3 数控铣削精加工 > 3.3.1 直线插补精铣平面外轮廓,第③章铣削加工编程145,E:\big\cnc-voice-rag-platform\data\parsed\DOC004\rendered\page_153.png,pending,,,
P1,153,145,DOC004_P153_B005,paragraph,ocr_or_structure_issue,low_confidence,,,第3章 铣削加工编程 > 3.3 数控铣削精加工 > 3.3.1 直线插补精铣平面外轮廓,（F点）,E:\big\cnc-voice-rag-platform\data\parsed\DOC004\rendered\page_153.png,pending,,,
P1,153,145,DOC004_P153_B009,paragraph,ocr_or_structure_issue,low_confidence,,,第3章 铣削加工编程 > 3.3 数控铣削精加工 > 3.3.1 直线插补精铣平面外轮廓,（0点）,E:\big\cnc-voice-rag-platform\data\parsed\DOC004\rendered\page_153.png,pending,,,
P1,153,145,DOC004_P153_B014,heading,used_by_reviewed_evidence,,EDEV030,,第3章 铣削加工编程 > 3.3 数控铣削精加工 > 3.3.2,3.3.2,E:\big\cnc-voice-rag-platform\data\parsed\DOC004\rendered\page_153.png,pending,,,
P1,153,145,DOC004_P153_B015,paragraph,used_by_reviewed_evidence,,EDEV030,,第3章 铣削加工编程 > 3.3 数控铣削精加工 > 3.3.2,圆弧插补精铣平面外轮廓φ5020圆弧插补（G02/G03）指令格式：,E:\big\cnc-voice-rag-platform\data\parsed\DOC004\rendered\page_153.png,pending,,,
P1,153,145,DOC004_P153_B016,code,used_by_reviewed_evidence,,EDEV030,,第3章 铣削加工编程 > 3.3 数控铣削精加工 > 3.3.2,G17/G18/G19 G02/G03 X_YZ_R,E:\big\cnc-voice-rag-platform\data\parsed\DOC004\rendered\page_153.png,pending,,,
P1,153,145,DOC004_P153_B018,label,used_by_reviewed_evidence,,EDEV030,,第3章 铣削加工编程 > 3.3 数控铣削精加工 > 3.3.2,各地址含义：,E:\big\cnc-voice-rag-platform\data\parsed\DOC004\rendered\page_153.png,pending,,,
P1,153,145,DOC004_P153_B019,paragraph,used_by_reviewed_evidence,,EDEV030,,第3章 铣削加工编程 > 3.3 数控铣削精加工 > 3.3.2,G17/G18/G19为坐标平面选择指,E:\big\cnc-voice-rag-platform\data\parsed\DOC004\rendered\page_153.png,pending,,,
P1,153,145,DOC004_P153_B021,paragraph,used_by_reviewed_evidence,,EDEV030,,第3章 铣削加工编程 > 3.3 数控铣削精加工 > 3.3.2,令。进圆弧插补时，要规定加工所在的平面，在XOY平面时，G17可省略。,E:\big\cnc-voice-rag-platform\data\parsed\DOC004\rendered\page_153.png,pending,,,
P1,153,145,DOC004_P153_B022,paragraph,used_by_reviewed_evidence,,EDEV030,,第3章 铣削加工编程 > 3.3 数控铣削精加工 > 3.3.2,G02/G03为圆弧插补类型，G02表示顺时针圆弧插补，G03表示逆时针圆弧插补。圆弧顺逆向与平的关系如图3-15所，站在圆弧所在平面的另一个坐标的正方向往负方向望去，顺时针方向圆弧为G02，逆时针为G03。,E:\big\cnc-voice-rag-platform\data\parsed\DOC004\rendered\page_153.png,pending,,,
P1,153,145,DOC004_P153_B023,paragraph,used_by_reviewed_evidence,,EDEV030,,第3章 铣削加工编程 > 3.3 数控铣削精加工 > 3.3.2,X、Y、Z为圆弧终点坐标值，当采用G90时为绝对坐标值，当采G91时为相对坐标值。,E:\big\cnc-voice-rag-platform\data\parsed\DOC004\rendered\page_153.png,pending,,,
P1,153,145,DOC004_P153_B024,paragraph,used_by_reviewed_evidence,,EDEV030,,第3章 铣削加工编程 > 3.3 数控铣削精加工 > 3.3.2,R为圆弧半径，当圆心角α≤180°时，R取正；当圆角α180°时，R取负。,E:\big\cnc-voice-rag-platform\data\parsed\DOC004\rendered\page_153.png,pending,,,
P1,153,145,DOC004_P153_B025,paragraph,used_by_reviewed_evidence,,EDEV030,,第3章 铣削加工编程 > 3.3 数控铣削精加工 > 3.3.2,I、J、K为圆相对圆弧起点的相对坐标值，与G90、G91关。I、J、K为零时可省略。当R、I、J、K同时在同一程序段出现时，R优先，I、J、K无效。,E:\big\cnc-voice-rag-platform\data\parsed\DOC004\rendered\page_153.png,pending,,,
P1,153,145,DOC004_P153_B026,paragraph,used_by_reviewed_evidence,,EDEV030,,第3章 铣削加工编程 > 3.3 数控铣削精加工 > 3.3.2,F为进给速度。,E:\big\cnc-voice-rag-platform\data\parsed\DOC004\rendered\page_153.png,pending,,,
